language,lect,s_citation,m_citation,s_gloss,m_gloss,class,source,contributor,glottocode
Chechen,NA,NA,NA,NA,NA,NA,NA,NA,chec1245
Ingush,NA,NA,NA,NA,NA,NA,NA,NA,ingu1240
Andi,Gagatli,ахъу,NA,таз,NA,4,Salimov 2010,Ksenia Romanova,andi1255
Andi,Gagatli,бак1ол,NA,потроха,NA,4,Salimov 2011,Ksenia Romanova,andi1255
Andi,Gagatli,бак1ол,NA,кожа,NA,4,Salimov 2012,Ksenia Romanova,andi1255
Andi,Gagatli,бехун,NA,плечо,NA,4,Salimov 2013,Ksenia Romanova,andi1255
Andi,Gagatli,беххиркъил,NA,зад,NA,4,Salimov 2014,Ksenia Romanova,andi1255
Andi,Gagatli,беххиркъил,NA,ягодица,NA,4,Salimov 2015,Ksenia Romanova,andi1255
Andi,Gagatli,беххумгьул,NA,курдюк,NA,4,Salimov 2016,Ksenia Romanova,andi1255
Andi,Gagatli,биц1ир,NA,зоб,NA,4,Salimov 2017,Ksenia Romanova,andi1255
Andi,Gagatli,биц1ир,NA,сычуг,NA,4,Salimov 2018,Ksenia Romanova,andi1255
Andi,Gagatli,бокъи,NA,кишка,NA,4,Salimov 2019,Ksenia Romanova,andi1255
Andi,Gagatli,бочучу,NA,чуб,NA,4,Salimov 2020,Ksenia Romanova,andi1255
Andi,Gagatli,бошарк1у,NA,зрачок,NA,4,Salimov 2021,Ksenia Romanova,andi1255
Andi,Gagatli,гару,NA,шея,NA,4,Salimov 2022,Ksenia Romanova,andi1255
Andi,Gagatli,гожо,NA,коренной зуб,NA,4,Salimov 2023,Ksenia Romanova,andi1255
Andi,Gagatli,гонгищи,NA,лодыжка,NA,4,Salimov 2024,Ksenia Romanova,andi1255
Andi,Gagatli,горзу,NA,щека,NA,4,Salimov 2025,Ksenia Romanova,andi1255
Andi,Gagatli,гъванща,NA,загривок,NA,4,Salimov 2026,Ksenia Romanova,andi1255
Andi,Gagatli,гьант1ик1а,NA,ухо,NA,4,Salimov 2027,Ksenia Romanova,andi1255
Andi,Gagatli,гъаркьу,NA,коса,NA,4,Salimov 2028,Ksenia Romanova,andi1255
Andi,Gagatli,гъарк1у,NA,глаз,NA,4,Salimov 2029,Ksenia Romanova,andi1255
Andi,Gagatli,гьин,NA,кровь,NA,4,Salimov 2030,Ksenia Romanova,andi1255
Andi,Gagatli,за,NA,кулак,NA,4,Salimov 2031,Ksenia Romanova,andi1255
Andi,Gagatli,исиб,NA,бок,NA,4,Salimov 2032,Ksenia Romanova,andi1255
Andi,Gagatli,йал,NA,грива,NA,4,Salimov 2033,Ksenia Romanova,andi1255
Andi,Gagatli,киц1и,NA,нога,NA,4,Salimov 2034,Ksenia Romanova,andi1255
Andi,Gagatli,кока,NA,сиська,NA,4,Salimov 2035,Ksenia Romanova,andi1255
Andi,Gagatli,кока,NA,женская грудь,NA,4,Salimov 2036,Ksenia Romanova,andi1255
Andi,Gagatli,къему,NA,гребень,NA,4,Salimov 2037,Ksenia Romanova,andi1255
Andi,Gagatli,къаркъала,NA,тело,NA,4,Salimov 2038,Ksenia Romanova,andi1255
Andi,Gagatli,къванкъва,NA,горло,NA,4,Salimov 2039,Ksenia Romanova,andi1255
Andi,Gagatli,къгон,NA,рог,NA,4,Salimov 2040,Ksenia Romanova,andi1255
Andi,Gagatli,къонно,NA,нога,NA,4,Salimov 2041,Ksenia Romanova,andi1255
Andi,Gagatli,к1ол,NA,рот,NA,4,Salimov 2042,Ksenia Romanova,andi1255
Andi,Gagatli,лабур,NA,грудь,NA,4,Salimov 2043,Ksenia Romanova,andi1255
Andi,Gagatli,пенссиб,NA,бровь,NA,4,Salimov 2044,Ksenia Romanova,andi1255
Andi,Gagatli,лохо,NA,гной,NA,4,Salimov 2045,Ksenia Romanova,andi1255
Andi,Gagatli,лъин,NA,волос,NA,4,Salimov 2046,Ksenia Romanova,andi1255
Andi,Gagatli,лъиру,NA,перо,NA,4,Salimov 2047,Ksenia Romanova,andi1255
Andi,Gagatli,лъиру,NA,крыло,NA,4,Salimov 2048,Ksenia Romanova,andi1255
Andi,Gagatli,магъар,NA,нос,NA,4,Salimov 2049,Ksenia Romanova,andi1255
Andi,Gagatli,мачу,NA,сопля,NA,4,Salimov 2050,Ksenia Romanova,andi1255
Andi,Gagatli,мигъул,NA,спина,NA,4,Salimov 2051,Ksenia Romanova,andi1255
Andi,Gagatli,мижа,NA,пятно,NA,4,Salimov 2052,Ksenia Romanova,andi1255
Andi,Gagatli,михъи,NA,ус,NA,4,Salimov 2053,Ksenia Romanova,andi1255
Andi,Gagatli,мулъа,NA,ноготь,NA,4,Salimov 2054,Ksenia Romanova,andi1255
Andi,Gagatli,мулъа,NA,коготь,NA,4,Salimov 2055,Ksenia Romanova,andi1255
Andi,Gagatli,мулъа,NA,копыто,NA,4,Salimov 2056,Ksenia Romanova,andi1255
Andi,Gagatli,ниду,NA,ресница,NA,4,Salimov 2057,Ksenia Romanova,andi1255
Andi,Gagatli,нико,NA,колено,NA,4,Salimov 2058,Ksenia Romanova,andi1255
Andi,Gagatli,покъу,NA,мочевой пузырь,NA,4,Salimov 2059,Ksenia Romanova,andi1255
Andi,Gagatli,реггъил,NA,нога,NA,4,Salimov 2060,Ksenia Romanova,andi1255
Andi,Gagatli,ресси,NA,пищвод,NA,4,Salimov 2061,Ksenia Romanova,andi1255
Andi,Gagatli,рокьи,NA,кость,NA,4,Salimov 2062,Ksenia Romanova,andi1255
Andi,Gagatli,ручол,NA,желудок,NA,4,Salimov 2063,Ksenia Romanova,andi1255
Andi,Gagatli,сунк1а,NA,губа,NA,4,Salimov 2064,Ksenia Romanova,andi1255
Andi,Gagatli,ссордил,NA,край курдюка,NA,4,Salimov 2065,Ksenia Romanova,andi1255
Andi,Gagatli,томил,NA,десна,NA,4,Salimov 2066,Ksenia Romanova,andi1255
Andi,Gagatli,тото,NA,слюна,NA,4,Salimov 2067,Ksenia Romanova,andi1255
Andi,Gagatli,херто,NA,затылок,NA,4,Salimov 2068,Ksenia Romanova,andi1255
Andi,Gagatli,хумссир,NA,легкое,NA,4,Salimov 2069,Ksenia Romanova,andi1255
Andi,Gagatli,ххото,NA,кишка,NA,4,Salimov 2070,Ksenia Romanova,andi1255
Andi,Gagatli,ххуча,NA,овчина,NA,4,Salimov 2071,Ksenia Romanova,andi1255
Andi,Gagatli,хъота,NA,ладонь,NA,4,Salimov 2072,Ksenia Romanova,andi1255
Andi,Gagatli,хъота,NA,лапа,NA,4,Salimov 2073,Ksenia Romanova,andi1255
Andi,Gagatli,ццула,NA,гортань,NA,4,Salimov 2074,Ksenia Romanova,andi1255
Andi,Gagatli,ц1ц1ек1а,NA,палец,NA,4,Salimov 2075,Ksenia Romanova,andi1255
Andi,Gagatli,ц1ц1уку,NA,шкура,NA,4,Salimov 2076,Ksenia Romanova,andi1255
Andi,Gagatli,ц1ц1унцо,NA,пуп,NA,4,Salimov 2077,Ksenia Romanova,andi1255
Andi,Gagatli,черххи,NA,тело,NA,4,Salimov 2078,Ksenia Romanova,andi1255
Andi,Gagatli,ч1амч1ал,NA,висок,NA,4,Salimov 2079,Ksenia Romanova,andi1255
Andi,Gagatli,чук1а,NA,ступня,NA,4,Salimov 2080,Ksenia Romanova,andi1255
Andi,Gagatli,щанщаххванххва,NA,костные внутренности черепа,NA,4,Salimov 2081,Ksenia Romanova,andi1255
Andi,Gagatli,щек1и,NA,жила,NA,4,Salimov 2082,Ksenia Romanova,andi1255
Andi,Gagatli,щек1и,NA,кровеносный сосуд,NA,4,Salimov 2083,Ksenia Romanova,andi1255
Andi,Gagatli,авахор,NA,опухание,NA,4,Salimov 2084,Ksenia Romanova,andi1255
Andi,Gagatli,авахор,NA,опухоль,NA,4,Salimov 2085,Ksenia Romanova,andi1255
Andi,Gagatli,баъараб,NA,сыпь,NA,4,Salimov 2086,Ksenia Romanova,andi1255
Andi,Gagatli,бечича,NA,малярия,NA,4,Salimov 2087,Ksenia Romanova,andi1255
Andi,Gagatli,вабаъи,NA,холера,NA,4,Salimov 2088,Ksenia Romanova,andi1255
Andi,Gagatli,воххурол1и,NA,рукъур простуда,NA,4,Salimov 2089,Ksenia Romanova,andi1255
Andi,Gagatli,вуххолъирол1и,NA,рукъур понос,NA,4,Salimov 2090,Ksenia Romanova,andi1255
Andi,Gagatli,гъиму,NA,бородавка,NA,4,Salimov 2091,Ksenia Romanova,andi1255
Andi,Gagatli,гъонхъиссол,NA,грипп,NA,4,Salimov 2092,Ksenia Romanova,andi1255
Andi,Gagatli,гьобдийа,NA,рукъур эпилепсия,NA,4,Salimov 2093,Ksenia Romanova,andi1255
Andi,Gagatli,данбижун,NA,чирей,NA,4,Salimov 2094,Ksenia Romanova,andi1255
Andi,Gagatli,къавса,NA,чума,NA,4,Salimov 2095,Ksenia Romanova,andi1255
Andi,Gagatli,мочил,NA,ревматизм,NA,4,Salimov 2096,Ksenia Romanova,andi1255
Andi,Gagatli,пуп,NA,нарьгв,NA,4,Salimov 2097,Ksenia Romanova,andi1255
Andi,Gagatli,рукъур,NA,болезнь,NA,4,Salimov 2098,Ksenia Romanova,andi1255
Andi,Gagatli,ссимл1и,NA,рукъур сыпной тиф,NA,4,Salimov 2099,Ksenia Romanova,andi1255
Andi,Gagatli,тиртил,NA,болячка,NA,4,Salimov 2100,Ksenia Romanova,andi1255
Andi,Gagatli,т1егъи,NA,парша,NA,4,Salimov 2101,Ksenia Romanova,andi1255
Andi,Gagatli,т1урукъур,NA,сифилис,NA,4,Salimov 2102,Ksenia Romanova,andi1255
Andi,Gagatli,угъулол,NA,кашель,NA,4,Salimov 2103,Ksenia Romanova,andi1255
Andi,Gagatli,узуру,NA,болезнь,NA,4,Salimov 2104,Ksenia Romanova,andi1255
Andi,Gagatli,хъаст1у,NA,сыпь,NA,4,Salimov 2105,Ksenia Romanova,andi1255
Andi,Gagatli,хъириси,NA,чесотка,NA,4,Salimov 2106,Ksenia Romanova,andi1255
Andi,Gagatli,ц1ал1и,NA,рукъур брюшной тиф,NA,4,Salimov 2107,Ksenia Romanova,andi1255
Andi,Gagatli,ц1омц1ол,NA,прыщ,NA,4,Salimov 2108,Ksenia Romanova,andi1255
Andi,Gagatli,чакку,NA,рукъур желтуха,NA,4,Salimov 2109,Ksenia Romanova,andi1255
Andi,Gagatli,чихотка,NA,туберкулез,NA,4,Salimov 2110,Ksenia Romanova,andi1255
Andi,Gagatli,эбчилол,NA,насморк,NA,4,Salimov 2111,Ksenia Romanova,andi1255
Andi,Gagatli,бишо,NA,шуба,NA,4,Salimov 2112,Ksenia Romanova,andi1255
Andi,Gagatli,башлухъи,NA,башлык,NA,4,Salimov 2113,Ksenia Romanova,andi1255
Andi,Gagatli,буртина,NA,бурка,NA,4,Salimov 2114,Ksenia Romanova,andi1255
Andi,Gagatli,лабагъи,NA,дубленая кожа,NA,4,Salimov 2115,Ksenia Romanova,andi1255
Andi,Gagatli,дарай,NA,шелк,NA,4,Salimov 2116,Ksenia Romanova,andi1255
Andi,Gagatli,джухъе,NA,черкеска,NA,4,Salimov 2117,Ksenia Romanova,andi1255
Andi,Gagatli,зарбай,NA,золото-тканная материя,NA,4,Salimov 2118,Ksenia Romanova,andi1255
Andi,Gagatli,зингал,NA,голенище,NA,4,Salimov 2119,Ksenia Romanova,andi1255
Andi,Gagatli,инлъир,NA,пазуха,NA,4,Salimov 2120,Ksenia Romanova,andi1255
Andi,Gagatli,калуши,NA,чувяки,NA,4,Salimov 2121,Ksenia Romanova,andi1255
Andi,Gagatli,нисей,NA,карман,NA,4,Salimov 2122,Ksenia Romanova,andi1255
Andi,Gagatli,кисейати,NA,кисет,NA,4,Salimov 2123,Ksenia Romanova,andi1255
Andi,Gagatli,куси,NA,колодка,NA,4,Salimov 2124,Ksenia Romanova,andi1255
Andi,Gagatli,къут1упи,NA,бархат,NA,4,Salimov 2125,Ksenia Romanova,andi1255
Andi,Gagatli,къгаламч1ай,NA,ситец,NA,4,Salimov 2126,Ksenia Romanova,andi1255
Andi,Gagatli,к1ерехи,NA,чувяк,NA,4,Salimov 2127,Ksenia Romanova,andi1255
Andi,Gagatli,лабцы,NA,латка,NA,4,Salimov 2128,Ksenia Romanova,andi1255
Andi,Gagatli,лакъгара,NA,шапка,NA,4,Salimov 2129,Ksenia Romanova,andi1255
Andi,Gagatli,лъол,NA,подошва,NA,4,Salimov 2130,Ksenia Romanova,andi1255
Andi,Gagatli,мачещи,NA,чарык,NA,4,Salimov 2131,Ksenia Romanova,andi1255
Andi,Gagatli,нассил,NA,обувь,NA,4,Salimov 2132,Ksenia Romanova,andi1255
Andi,Gagatli,насугъи,NA,кожаная обувь,NA,4,Salimov 2133,Ksenia Romanova,andi1255
Andi,Gagatli,падан,NA,носок,NA,4,Salimov 2134,Ksenia Romanova,andi1255
Andi,Gagatli,падан,NA,чулок,NA,4,Salimov 2135,Ksenia Romanova,andi1255
Andi,Gagatli,песи,NA,фес,NA,4,Salimov 2136,Ksenia Romanova,andi1255
Andi,Gagatli,ролал,NA,одежда,NA,4,Salimov 2137,Ksenia Romanova,andi1255
Andi,Gagatli,сак1ула,NA,шуба,NA,4,Salimov 2138,Ksenia Romanova,andi1255
Andi,Gagatli,ссакур,NA,союзка,NA,4,Salimov 2139,Ksenia Romanova,andi1255
Andi,Gagatli,ссуром,NA,сафьян,NA,4,Salimov 2140,Ksenia Romanova,andi1255
Andi,Gagatli,унчор,NA,тряпочная лента,NA,4,Salimov 2141,Ksenia Romanova,andi1255
Andi,Gagatli,ххам,NA,материя,NA,4,Salimov 2142,Ksenia Romanova,andi1255
Andi,Gagatli,ххам,NA,ткань,NA,4,Salimov 2143,Ksenia Romanova,andi1255
Andi,Gagatli,чакмагъи,NA,сапог,NA,4,Salimov 2144,Ksenia Romanova,andi1255
Andi,Gagatli,чарпасси,NA,нагрудное украшение,NA,4,Salimov 2145,Ksenia Romanova,andi1255
Andi,Gagatli,чухт1у,NA,чохто,NA,4,Salimov 2146,Ksenia Romanova,andi1255
Andi,Gagatli,чухт1у,NA,женский головной убор,NA,4,Salimov 2147,Ksenia Romanova,andi1255
Andi,Gagatli,щатан,NA,вязанная шерстяная обувь,NA,4,Salimov 2148,Ksenia Romanova,andi1255
Andi,Gagatli,этекки,NA,галоша,NA,4,Salimov 2149,Ksenia Romanova,andi1255
Andi,Gagatli,аракъги,NA,водка,NA,4,Salimov 2150,Ksenia Romanova,andi1255
Andi,Gagatli,бекъам,NA,ком из толокна,NA,4,Salimov 2151,Ksenia Romanova,andi1255
Andi,Gagatli,бахъухъи,NA,самодельная халва,NA,4,Salimov 2152,Ksenia Romanova,andi1255
Andi,Gagatli,берун,NA,рассол из творога и молока,NA,4,Salimov 2153,Ksenia Romanova,andi1255
Andi,Gagatli,бета,NA,кислое молоко,NA,4,Salimov 2154,Ksenia Romanova,andi1255
Andi,Gagatli,биц1иб,NA,сырники,NA,4,Salimov 2155,Ksenia Romanova,andi1255
Andi,Gagatli,бишин,NA,творог,NA,4,Salimov 2156,Ksenia Romanova,andi1255
Andi,Gagatli,гъан,NA,хлеб,NA,4,Salimov 2157,Ksenia Romanova,andi1255
Andi,Gagatli,гъуди,NA,вареное зерно,NA,4,Salimov 2158,Ksenia Romanova,andi1255
Andi,Gagatli,гат1и,NA,тесто,NA,4,Salimov 2159,Ksenia Romanova,andi1255
Andi,Gagatli,дару,NA,лекарство,NA,4,Salimov 2160,Ksenia Romanova,andi1255
Andi,Gagatli,джебу,NA,сливочное масло и творог,NA,4,Salimov 2161,Ksenia Romanova,andi1255
Andi,Gagatli,илло,NA,еда,NA,4,Salimov 2162,Ksenia Romanova,andi1255
Andi,Gagatli,ингура,NA,сырник,NA,4,Salimov 2163,Ksenia Romanova,andi1255
Andi,Gagatli,къанц1и,NA,уксус,NA,4,Salimov 2164,Ksenia Romanova,andi1255
Andi,Gagatli,къиннил,NA,галушка,NA,4,Salimov 2165,Ksenia Romanova,andi1255
Andi,Gagatli,лел,NA,сливки,NA,4,Salimov 2166,Ksenia Romanova,andi1255
Andi,Gagatli,лел,NA,сметана,NA,4,Salimov 2167,Ksenia Romanova,andi1255
Andi,Gagatli,панкъир,NA,лепешка,NA,4,Salimov 2168,Ksenia Romanova,andi1255
Andi,Gagatli,мед,NA,брага,NA,4,Salimov 2169,Ksenia Romanova,andi1255
Andi,Gagatli,рикъи,NA,мясо,NA,4,Salimov 2170,Ksenia Romanova,andi1255
Andi,Gagatli,хайгун,NA,яичница,NA,4,Salimov 2171,Ksenia Romanova,andi1255
Andi,Gagatli,чагъир,NA,вино,NA,4,Salimov 2172,Ksenia Romanova,andi1255
Andi,Gagatli,чай,NA,чай,NA,4,Salimov 2173,Ksenia Romanova,andi1255
Andi,Gagatli,чакар,NA,сахар,NA,4,Salimov 2174,Ksenia Romanova,andi1255
Andi,Gagatli,ч1аъа,NA,брага,NA,4,Salimov 2175,Ksenia Romanova,andi1255
Andi,Gagatli,аждар,NA,чайное растение,NA,4,Salimov 2176,Ksenia Romanova,andi1255
Andi,Gagatli,анга,NA,ветка,NA,4,Salimov 2177,Ksenia Romanova,andi1255
Andi,Gagatli,атирта,NA,съедобное растение,NA,4,Salimov 2178,Ksenia Romanova,andi1255
Andi,Gagatli,беббу,NA,пузырчатая трава,NA,4,Salimov 2179,Ksenia Romanova,andi1255
Andi,Gagatli,бесирк1орло,NA,свинорой,NA,4,Salimov 2180,Ksenia Romanova,andi1255
Andi,Gagatli,беху,NA,береза,NA,4,Salimov 2181,Ksenia Romanova,andi1255
Andi,Gagatli,беча,NA,гречиха,NA,4,Salimov 2182,Ksenia Romanova,andi1255
Andi,Gagatli,беч1ухалл1и,NA,къгурчи персик,NA,4,Salimov 2183,Ksenia Romanova,andi1255
Andi,Gagatli,бурч1инна,NA,ячмень,NA,4,Salimov 2184,Ksenia Romanova,andi1255
Andi,Gagatli,гъабахъи,NA,тыква,NA,4,Salimov 2185,Ksenia Romanova,andi1255
Andi,Gagatli,гъорц1ц1и,NA,съедобное растение с ягодами на колючках,NA,4,Salimov 2186,Ksenia Romanova,andi1255
Andi,Gagatli,гъвамерма,NA,съедобное растение,NA,4,Salimov 2187,Ksenia Romanova,andi1255
Andi,Gagatli,гъургъи,NA,карагач,NA,4,Salimov 2188,Ksenia Romanova,andi1255
Andi,Gagatli,гъангъила,NA,трава жарких стран,NA,4,Salimov 2189,Ksenia Romanova,andi1255
Andi,Gagatli,гъамму,NA,черемша,NA,4,Salimov 2190,Ksenia Romanova,andi1255
Andi,Gagatli,гъингъи,NA,груша,NA,4,Salimov 2191,Ksenia Romanova,andi1255
Andi,Gagatli,гъинкъим,NA,корень,NA,4,Salimov 2192,Ksenia Romanova,andi1255
Andi,Gagatli,гъинкъгве,NA,лопух,NA,4,Salimov 2193,Ksenia Romanova,andi1255
Andi,Gagatli,гъинц1ц1ир,NA,ива,NA,4,Salimov 2194,Ksenia Romanova,andi1255
Andi,Gagatli,гъинц1ц1ир,NA,верба,NA,4,Salimov 2195,Ksenia Romanova,andi1255
Andi,Gagatli,жади,NA,колос,NA,4,Salimov 2196,Ksenia Romanova,andi1255
Andi,Gagatli,жими,NA,кизил,NA,4,Salimov 2197,Ksenia Romanova,andi1255
Andi,Gagatli,инчи,NA,яблоко,NA,4,Salimov 2198,Ksenia Romanova,andi1255
Andi,Gagatli,кацуста,NA,капуста,NA,4,Salimov 2199,Ksenia Romanova,andi1255
Andi,Gagatli,картуши,NA,картофель,NA,4,Salimov 2200,Ksenia Romanova,andi1255
Andi,Gagatli,коком,NA,слива,NA,4,Salimov 2201,Ksenia Romanova,andi1255
Andi,Gagatli,кол,NA,сноп,NA,4,Salimov 2202,Ksenia Romanova,andi1255
Andi,Gagatli,коллерщи,NA,куст,NA,4,Salimov 2203,Ksenia Romanova,andi1255
Andi,Gagatli,къвайил,NA,съедобное растение,NA,4,Salimov 2204,Ksenia Romanova,andi1255
Andi,Gagatli,къир,NA,пшеница,NA,4,Salimov 2205,Ksenia Romanova,andi1255
Andi,Gagatli,къули,NA,коли,NA,4,Salimov 2206,Ksenia Romanova,andi1255
Andi,Gagatli,къур,NA,сухая трава,NA,4,Salimov 2207,Ksenia Romanova,andi1255
Andi,Gagatli,къгасда,NA,коносообразная куча снопов,NA,4,Salimov 2208,Ksenia Romanova,andi1255
Andi,Gagatli,къгинорца,NA,ряд снопов,NA,4,Salimov 2209,Ksenia Romanova,andi1255
Andi,Gagatli,къгурчи,NA,курага,NA,4,Salimov 2210,Ksenia Romanova,andi1255
Andi,Gagatli,къет1ур,NA,дерево,NA,4,Salimov 2211,Ksenia Romanova,andi1255
Andi,Gagatli,къуна,NA,часть колоca,NA,4,Salimov 2212,Ksenia Romanova,andi1255
Andi,Gagatli,к1ок1ом,NA,отходы сена,NA,4,Salimov 2213,Ksenia Romanova,andi1255
Andi,Gagatli,к1онча,NA,лук,NA,4,Salimov 2214,Ksenia Romanova,andi1255
Andi,Gagatli,к1ордо,NA,трава,NA,4,Salimov 2215,Ksenia Romanova,andi1255
Andi,Gagatli,лиму,NA,съедобное растение,NA,4,Salimov 2216,Ksenia Romanova,andi1255
Andi,Gagatli,лъан,NA,вид травы,NA,4,Salimov 2217,Ksenia Romanova,andi1255
Andi,Gagatli,лъахиб,NA,лист,NA,4,Salimov 2218,Ksenia Romanova,andi1255
Andi,Gagatli,лълъенц1ц1ур,NA,вид травы,NA,4,Salimov 2219,Ksenia Romanova,andi1255
Andi,Gagatli,лъор,NA,граб,NA,4,Salimov 2220,Ksenia Romanova,andi1255
Andi,Gagatli,лъор,NA,осина,NA,4,Salimov 2221,Ksenia Romanova,andi1255
Andi,Gagatli,лълъенибосси,NA,белолистка,NA,4,Salimov 2222,Ksenia Romanova,andi1255
Andi,Gagatli,макъер,NA,ольха,NA,4,Salimov 2223,Ksenia Romanova,andi1255
Andi,Gagatli,мамадур,NA,морковь,NA,4,Salimov 2224,Ksenia Romanova,andi1255
Andi,Gagatli,мигъи,NA,поле,NA,4,Salimov 2225,Ksenia Romanova,andi1255
Andi,Gagatli,мерччи,NA,вяз,NA,4,Salimov 2226,Ksenia Romanova,andi1255
Andi,Gagatli,микъгор,NA,укроп,NA,4,Salimov 2227,Ksenia Romanova,andi1255
Andi,Gagatli,микъурл1а,NA,съедобное трубчатое растение,NA,4,Salimov 2228,Ksenia Romanova,andi1255
Andi,Gagatli,мич1ч1и,NA,крапива,NA,4,Salimov 2229,Ksenia Romanova,andi1255
Andi,Gagatli,мугъу,NA,зерно,NA,4,Salimov 2230,Ksenia Romanova,andi1255
Andi,Gagatli,мук1уци,NA,съедобное растение,NA,4,Salimov 2231,Ksenia Romanova,andi1255
Andi,Gagatli,ниха,NA,овес,NA,4,Salimov 2232,Ksenia Romanova,andi1255
Andi,Gagatli,ноджи,NA,дуб,NA,4,Salimov 2233,Ksenia Romanova,andi1255
Andi,Gagatli,огоб,NA,рожь,NA,4,Salimov 2234,Ksenia Romanova,andi1255
Andi,Gagatli,паст1ан,NA,дыня,NA,4,Salimov 2235,Ksenia Romanova,andi1255
Andi,Gagatli,пилпил,NA,перец,NA,4,Salimov 2236,Ksenia Romanova,andi1255
Andi,Gagatli,пипи,NA,чинара,NA,4,Salimov 2237,Ksenia Romanova,andi1255
Andi,Gagatli,пиринч1и,NA,рис,NA,4,Salimov 2238,Ksenia Romanova,andi1255
Andi,Gagatli,помидор,NA,помидор,NA,4,Salimov 2239,Ksenia Romanova,andi1255
Andi,Gagatli,пулл1и,NA,высокая трубчатая трава,NA,4,Salimov 2240,Ksenia Romanova,andi1255
Andi,Gagatli,пупул,NA,зеленый лук,NA,4,Salimov 2241,Ksenia Romanova,andi1255
Andi,Gagatli,раки,NA,чеснок,NA,4,Salimov 2242,Ksenia Romanova,andi1255
Andi,Gagatli,рек1к1у,NA,сосна,NA,4,Salimov 2243,Ksenia Romanova,andi1255
Andi,Gagatli,синорл1е,NA,горькая трава,NA,4,Salimov 2244,Ksenia Romanova,andi1255
Andi,Gagatli,сит1е,NA,солома,NA,4,Salimov 2245,Ksenia Romanova,andi1255
Andi,Gagatli,сули,NA,дикий чеснок,NA,4,Salimov 2246,Ksenia Romanova,andi1255
Andi,Gagatli,сума,NA,соломина,NA,4,Salimov 2247,Ksenia Romanova,andi1255
Andi,Gagatli,ссугъат,NA,трава среди кукурузы,NA,4,Salimov 2248,Ksenia Romanova,andi1255
Andi,Gagatli,тамако,NA,табак,NA,4,Salimov 2249,Ksenia Romanova,andi1255
Andi,Gagatli,тамку,NA,съедобная трава,NA,4,Salimov 2250,Ksenia Romanova,andi1255
Andi,Gagatli,ташк1ва,NA,чайное растение,NA,4,Salimov 2251,Ksenia Romanova,andi1255
Andi,Gagatli,т1емерт1а,NA,"съедобное растение, похожее на укроп",NA,4,Salimov 2252,Ksenia Romanova,andi1255
Andi,Gagatli,унсожим,NA,огурец,NA,4,Salimov 2253,Ksenia Romanova,andi1255
Andi,Gagatli,харбузи,NA,арбуз,NA,4,Salimov 2254,Ksenia Romanova,andi1255
Andi,Gagatli,хо,NA,липа,NA,4,Salimov 2255,Ksenia Romanova,andi1255
Andi,Gagatli,хханйа,NA,луг,NA,4,Salimov 2256,Ksenia Romanova,andi1255
Andi,Gagatli,хханйа,NA,сенокос,NA,4,Salimov 2257,Ksenia Romanova,andi1255
Andi,Gagatli,ццухшхулл1и,NA,къет1ур тополь,NA,4,Salimov 2258,Ksenia Romanova,andi1255
Andi,Gagatli,ц1ц1ик1к1урл1а,NA,щавель,NA,4,Salimov 2259,Ksenia Romanova,andi1255
Andi,Gagatli,ц1ц1ини,NA,можжевельник,NA,4,Salimov 2260,Ksenia Romanova,andi1255
Andi,Gagatli,ц1ц1ума,NA,камыш,NA,4,Salimov 2261,Ksenia Romanova,andi1255
Andi,Gagatli,ч1абдил,NA,сухая трава,NA,4,Salimov 2262,Ksenia Romanova,andi1255
Andi,Gagatli,ч1алк1ут1и,NA,свекла,NA,4,Salimov 2263,Ksenia Romanova,andi1255
Andi,Gagatli,ч1аха,NA,хворост,NA,4,Salimov 2264,Ksenia Romanova,andi1255
Andi,Gagatli,ч1аха,NA,прутья,NA,4,Salimov 2265,Ksenia Romanova,andi1255
Andi,Gagatli,ч1аха,NA,остатки сена,NA,4,Salimov 2266,Ksenia Romanova,andi1255
Andi,Gagatli,ч1ирхха,NA,вид травы,NA,4,Salimov 2267,Ksenia Romanova,andi1255
Andi,Gagatli,ч1ич1ил,NA,виноград,NA,4,Salimov 2268,Ksenia Romanova,andi1255
Andi,Gagatli,ч1окъгула,NA,съедобная трава,NA,4,Salimov 2269,Ksenia Romanova,andi1255
Andi,Gagatli,ч1оморл1а,NA,съедобное трубчатое растение,NA,4,Salimov 2270,Ksenia Romanova,andi1255
Andi,Gagatli,ч1ор,NA,ячмень голый,NA,4,Salimov 2271,Ksenia Romanova,andi1255
Andi,Gagatli,ч1ч1а,NA,клен,NA,4,Salimov 2272,Ksenia Romanova,andi1255
Andi,Gagatli,моннор,NA,луг,NA,4,Salimov 2273,Ksenia Romanova,andi1255
Andi,Gagatli,эмерт1а,NA,съедобное горьковатое растение,NA,4,Salimov 2274,Ksenia Romanova,andi1255
Andi,Gagatli,автомобиль,NA,автомобиль,NA,4,Salimov 2275,Ksenia Romanova,andi1255
Andi,Gagatli,азал,NA,долото,NA,4,Salimov 2276,Ksenia Romanova,andi1255
Andi,Gagatli,алмасси,NA,алмаз,NA,4,Salimov 2277,Ksenia Romanova,andi1255
Andi,Gagatli,арада,NA,пушка,NA,4,Salimov 2278,Ksenia Romanova,andi1255
Andi,Gagatli,аэроплан,NA,азроплан,NA,4,Salimov 2279,Ksenia Romanova,andi1255
Andi,Gagatli,бадучан,NA,стремя,NA,4,Salimov 2280,Ksenia Romanova,andi1255
Andi,Gagatli,бежун,NA,иголка,NA,4,Salimov 2281,Ksenia Romanova,andi1255
Andi,Gagatli,белим,NA,двери,NA,4,Salimov 2282,Ksenia Romanova,andi1255
Andi,Gagatli,белц1им,NA,дышло,NA,4,Salimov 2283,Ksenia Romanova,andi1255
Andi,Gagatli,бесун,NA,нож,NA,4,Salimov 2284,Ksenia Romanova,andi1255
Andi,Gagatli,берданги,NA,винтовка,NA,4,Salimov 2285,Ksenia Romanova,andi1255
Andi,Gagatli,бомба,NA,бомба,NA,4,Salimov 2286,Ksenia Romanova,andi1255
Andi,Gagatli,газа,NA,кирка,NA,4,Salimov 2287,Ksenia Romanova,andi1255
Andi,Gagatli,газа,NA,тяпка,NA,4,Salimov 2288,Ksenia Romanova,andi1255
Andi,Gagatli,гема,NA,корабль,NA,4,Salimov 2289,Ksenia Romanova,andi1255
Andi,Gagatli,гулла,NA,пуля,NA,4,Salimov 2290,Ksenia Romanova,andi1255
Andi,Gagatli,гудур,NA,капкан,NA,4,Salimov 2291,Ksenia Romanova,andi1255
Andi,Gagatli,гъаци,NA,патронташ,NA,4,Salimov 2292,Ksenia Romanova,andi1255
Andi,Gagatli,йарагъи,NA,оружие,NA,4,Salimov 2293,Ksenia Romanova,andi1255
Andi,Gagatli,коц1и,NA,веник,NA,4,Salimov 2294,Ksenia Romanova,andi1255
Andi,Gagatli,къгалам,NA,карандаш,NA,4,Salimov 2295,Ksenia Romanova,andi1255
Andi,Gagatli,к1онкьа,NA,вилы,NA,4,Salimov 2296,Ksenia Romanova,andi1255
Andi,Gagatli,лъаблъал,NA,грабли,NA,4,Salimov 2297,Ksenia Romanova,andi1255
Andi,Gagatli,лъер,NA,лук,NA,4,Salimov 2298,Ksenia Romanova,andi1255
Andi,Gagatli,лъер,NA,стрела,NA,4,Salimov 2299,Ksenia Romanova,andi1255
Andi,Gagatli,л1арл1ал,NA,метла,NA,4,Salimov 2300,Ksenia Romanova,andi1255
Andi,Gagatli,л1ут1и,NA,клин,NA,4,Salimov 2301,Ksenia Romanova,andi1255
Andi,Gagatli,машина,NA,машина,NA,4,Salimov 2302,Ksenia Romanova,andi1255
Andi,Gagatli,мигва,NA,веретено,NA,4,Salimov 2303,Ksenia Romanova,andi1255
Andi,Gagatli,ничо,NA,серп коса,NA,4,Salimov 2304,Ksenia Romanova,andi1255
Andi,Gagatli,пайт1ун,NA,фаэтон,NA,4,Salimov 2305,Ksenia Romanova,andi1255
Andi,Gagatli,пистолет,NA,пистолет,NA,4,Salimov 2306,Ksenia Romanova,andi1255
Andi,Gagatli,пулемет,NA,пулемет,NA,4,Salimov 2307,Ksenia Romanova,andi1255
Andi,Gagatli,ссургу,NA,рубанок,NA,4,Salimov 2308,Ksenia Romanova,andi1255
Andi,Gagatli,тапанча,NA,револъвер,NA,4,Salimov 2309,Ksenia Romanova,andi1255
Andi,Gagatli,тупанги,NA,винтовка,NA,4,Salimov 2310,Ksenia Romanova,andi1255
Andi,Gagatli,тупанги,NA,лом,NA,4,Salimov 2311,Ksenia Romanova,andi1255
Andi,Gagatli,ухт1ир,NA,напильник,NA,4,Salimov 2312,Ksenia Romanova,andi1255
Andi,Gagatli,хуц1у,NA,щипцы,NA,4,Salimov 2313,Ksenia Romanova,andi1255
Andi,Gagatli,ххелчаму,NA,сабля,NA,4,Salimov 2314,Ksenia Romanova,andi1255
Andi,Gagatli,хъендиро,NA,коса,NA,4,Salimov 2315,Ksenia Romanova,andi1255
Andi,Gagatli,хъанджар,NA,кинжал,NA,4,Salimov 2316,Ksenia Romanova,andi1255
Andi,Gagatli,хъундагъи,NA,приклад,NA,4,Salimov 2317,Ksenia Romanova,andi1255
Andi,Gagatli,хъухъадир,NA,пила,NA,4,Salimov 2318,Ksenia Romanova,andi1255
Andi,Gagatli,цел,NA,мотыга,NA,4,Salimov 2319,Ksenia Romanova,andi1255
Andi,Gagatli,чалта,NA,секира,NA,4,Salimov 2320,Ksenia Romanova,andi1255
Andi,Gagatli,чахъма,NA,затвор,NA,4,Salimov 2321,Ksenia Romanova,andi1255
Andi,Gagatli,чачма,NA,дробь,NA,4,Salimov 2322,Ksenia Romanova,andi1255
Andi,Gagatli,ч1ир,NA,порох,NA,4,Salimov 2323,Ksenia Romanova,andi1255
Andi,Gagatli,эрхъва,NA,штык,NA,4,Salimov 2324,Ksenia Romanova,andi1255
Andi,Gagatli,арком,NA,ложка,NA,4,Salimov 2325,Ksenia Romanova,andi1255
Andi,Gagatli,гема,NA,половник,NA,4,Salimov 2326,Ksenia Romanova,andi1255
Andi,Gagatli,гъадцара,NA,миска,NA,4,Salimov 2327,Ksenia Romanova,andi1255
Andi,Gagatli,джебу,NA,маслобойка,NA,4,Salimov 2328,Ksenia Romanova,andi1255
Andi,Gagatli,джинна,NA,деревянная ложка,NA,4,Salimov 2329,Ksenia Romanova,andi1255
Andi,Gagatli,кору,NA,кувшин,NA,4,Salimov 2330,Ksenia Romanova,andi1255
Andi,Gagatli,къгом,NA,поднос,NA,4,Salimov 2331,Ksenia Romanova,andi1255
Andi,Gagatli,т1ассци,NA,таз,NA,4,Salimov 2332,Ksenia Romanova,andi1255
Andi,Gagatli,хума,NA,миска с крышкой,NA,4,Salimov 2333,Ksenia Romanova,andi1255
Andi,Gagatli,ц1умур,NA,вилка,NA,4,Salimov 2334,Ksenia Romanova,andi1255
Andi,Gagatli,ц1араъи,NA,посуда,NA,4,Salimov 2335,Ksenia Romanova,andi1255
Andi,Gagatli,чирахъи,NA,лампа,NA,4,Salimov 2336,Ksenia Romanova,andi1255
Andi,Gagatli,чонгол,NA,чаша,NA,4,Salimov 2337,Ksenia Romanova,andi1255
Andi,Gagatli,абчахол,NA,помои,NA,4,Salimov 2338,Ksenia Romanova,andi1255
Andi,Gagatli,бара,NA,кизяк,NA,4,Salimov 2339,Ksenia Romanova,andi1255
Andi,Gagatli,бешен,NA,матрац,NA,4,Salimov 2340,Ksenia Romanova,andi1255
Andi,Gagatli,гиловка,NA,фунт,NA,4,Salimov 2341,Ksenia Romanova,andi1255
Andi,Gagatli,гиловкол,NA,весы,NA,4,Salimov 2342,Ksenia Romanova,andi1255
Andi,Gagatli,грамм,NA,грамм,NA,4,Salimov 2343,Ksenia Romanova,andi1255
Andi,Gagatli,гудур,NA,капкан,NA,4,Salimov 2344,Ksenia Romanova,andi1255
Andi,Gagatli,гьабу,NA,уголь,NA,4,Salimov 2345,Ksenia Romanova,andi1255
Andi,Gagatli,гьикьубилъидйа,NA,войлок,NA,4,Salimov 2346,Ksenia Romanova,andi1255
Andi,Gagatli,гьанк1вара,NA,чурбан,NA,4,Salimov 2347,Ksenia Romanova,andi1255
Andi,Gagatli,гьушк1ал,NA,качели,NA,4,Salimov 2348,Ksenia Romanova,andi1255
Andi,Gagatli,диван,NA,диван,NA,4,Salimov 2349,Ksenia Romanova,andi1255
Andi,Gagatli,дум,NA,ковер без ворса,NA,4,Salimov 2350,Ksenia Romanova,andi1255
Andi,Gagatli,дунгил,NA,яма,NA,4,Salimov 2351,Ksenia Romanova,andi1255
Andi,Gagatli,зунзул,NA,примитивная зурна,NA,4,Salimov 2352,Ksenia Romanova,andi1255
Andi,Gagatli,зунура,NA,зурна,NA,4,Salimov 2353,Ksenia Romanova,andi1255
Andi,Gagatli,инккуб,NA,желоб,NA,4,Salimov 2354,Ksenia Romanova,andi1255
Andi,Gagatli,йургьан,NA,одеяло,NA,4,Salimov 2355,Ksenia Romanova,andi1255
Andi,Gagatli,кван,NA,пучина,NA,4,Salimov 2356,Ksenia Romanova,andi1255
Andi,Gagatli,квасрахъи,NA,палас с ворсом,NA,4,Salimov 2357,Ksenia Romanova,andi1255
Andi,Gagatli,кини,NA,колыбель,NA,4,Salimov 2358,Ksenia Romanova,andi1255
Andi,Gagatli,кире,NA,вьюк,NA,4,Salimov 2359,Ksenia Romanova,andi1255
Andi,Gagatli,кире,NA,груз,NA,4,Salimov 2360,Ksenia Romanova,andi1255
Andi,Gagatli,корзина,NA,корзина,NA,4,Salimov 2361,Ksenia Romanova,andi1255
Andi,Gagatli,кровать,NA,кровать,NA,4,Salimov 2362,Ksenia Romanova,andi1255
Andi,Gagatli,къай,NA,имущество,NA,4,Salimov 2363,Ksenia Romanova,andi1255
Andi,Gagatli,кьали,NA,барабан,NA,4,Salimov 2364,Ksenia Romanova,andi1255
Andi,Gagatli,кьали,NA,труба,NA,4,Salimov 2365,Ksenia Romanova,andi1255
Andi,Gagatli,кьали,NA,мерка в 5 сахов,NA,4,Salimov 2366,Ksenia Romanova,andi1255
Andi,Gagatli,къак1ва,NA,полено,NA,4,Salimov 2367,Ksenia Romanova,andi1255
Andi,Gagatli,к1ама,NA,чесаная шерсть для гладкой стороны бурки,NA,4,Salimov 2368,Ksenia Romanova,andi1255
Andi,Gagatli,к1урц1ц1о,NA,сучок,NA,4,Salimov 2369,Ksenia Romanova,andi1255
Andi,Gagatli,луллу,NA,мудштук c трубкой,NA,4,Salimov 2370,Ksenia Romanova,andi1255
Andi,Gagatli,лъуди,NA,дрова,NA,4,Salimov 2371,Ksenia Romanova,andi1255
Andi,Gagatli,мок1о,NA,стул,NA,4,Salimov 2372,Ksenia Romanova,andi1255
Andi,Gagatli,мок1о,NA,табуретка,NA,4,Salimov 2373,Ksenia Romanova,andi1255
Andi,Gagatli,мушт1ухъи,NA,мудштук,NA,4,Salimov 2374,Ksenia Romanova,andi1255
Andi,Gagatli,набти,NA,керосин,NA,4,Salimov 2375,Ksenia Romanova,andi1255
Andi,Gagatli,паднар,NA,тахта,NA,4,Salimov 2376,Ksenia Romanova,andi1255
Andi,Gagatli,паднар,NA,нары,NA,4,Salimov 2377,Ksenia Romanova,andi1255
Andi,Gagatli,пандур,NA,бандура,NA,4,Salimov 2378,Ksenia Romanova,andi1255
Andi,Gagatli,простинйа,NA,простыня,NA,4,Salimov 2379,Ksenia Romanova,andi1255
Andi,Gagatli,рукъил,NA,бревно,NA,4,Salimov 2380,Ksenia Romanova,andi1255
Andi,Gagatli,ссагъи,NA,сах,NA,4,Salimov 2381,Ksenia Romanova,andi1255
Andi,Gagatli,ссапин,NA,мыло,NA,4,Salimov 2382,Ksenia Romanova,andi1255
Andi,Gagatli,ссаъати,NA,часы,NA,4,Salimov 2383,Ksenia Romanova,andi1255
Andi,Gagatli,ссурати,NA,изображение,NA,4,Salimov 2384,Ksenia Romanova,andi1255
Andi,Gagatli,тара,NA,мешок,NA,4,Salimov 2385,Ksenia Romanova,andi1255
Andi,Gagatli,тибар,NA,мешок,NA,4,Salimov 2386,Ksenia Romanova,andi1255
Andi,Gagatli,тибар,NA,ноша,NA,4,Salimov 2387,Ksenia Romanova,andi1255
Andi,Gagatli,т1амсса,NA,ковер,NA,4,Salimov 2388,Ksenia Romanova,andi1255
Andi,Gagatli,т1улъи,NA,отходы шерсти,NA,4,Salimov 2389,Ksenia Romanova,andi1255
Andi,Gagatli,хохой,NA,огонь,NA,4,Salimov 2390,Ksenia Romanova,andi1255
Andi,Gagatli,хъабдилл1и,NA,бревно,NA,4,Salimov 2391,Ksenia Romanova,andi1255
Andi,Gagatli,ц1умур,NA,щепка,NA,4,Salimov 2392,Ksenia Romanova,andi1255
Andi,Gagatli,ц1ц1ипила,NA,овечий кизяк,NA,4,Salimov 2393,Ksenia Romanova,andi1255
Andi,Gagatli,чемодан,NA,чемодан,NA,4,Salimov 2394,Ksenia Romanova,andi1255
Andi,Gagatli,черме,NA,бочка,NA,4,Salimov 2395,Ksenia Romanova,andi1255
Andi,Gagatli,чил,NA,навоз,NA,4,Salimov 2396,Ksenia Romanova,andi1255
Andi,Gagatli,ч1инк1вал,NA,свалявшаяся шерсть,NA,4,Salimov 2397,Ksenia Romanova,andi1255
Andi,Gagatli,щалеги,NA,кадка,NA,4,Salimov 2398,Ksenia Romanova,andi1255
Andi,Gagatli,цщомщол,NA,свисток,NA,4,Salimov 2399,Ksenia Romanova,andi1255
Andi,Gagatli,азбор,NA,двор,NA,4,Salimov 2400,Ksenia Romanova,andi1255
Andi,Gagatli,эхъи,NA,камин,NA,4,Salimov 2401,Ksenia Romanova,andi1255
Andi,Gagatli,эхъи,NA,очаг,NA,4,Salimov 2402,Ksenia Romanova,andi1255
Andi,Gagatli,базар,NA,базар,NA,4,Salimov 2403,Ksenia Romanova,andi1255
Andi,Gagatli,бекъи,NA,клев,NA,4,Salimov 2404,Ksenia Romanova,andi1255
Andi,Gagatli,бик1ун,NA,угол,NA,4,Salimov 2405,Ksenia Romanova,andi1255
Andi,Gagatli,гачи,NA,известка,NA,4,Salimov 2406,Ksenia Romanova,andi1255
Andi,Gagatli,гараци,NA,жердь с сучьями,NA,4,Salimov 2407,Ksenia Romanova,andi1255
Andi,Gagatli,гъадил,NA,развалина,NA,4,Salimov 2408,Ksenia Romanova,andi1255
Andi,Gagatli,гъадил,NA,загон для скота,NA,4,Salimov 2409,Ksenia Romanova,andi1255
Andi,Gagatli,гъари,NA,лестница,NA,4,Salimov 2410,Ksenia Romanova,andi1255
Andi,Gagatli,гъанк1о,NA,гвоздь,NA,4,Salimov 2411,Ksenia Romanova,andi1255
Andi,Gagatli,гъекъер,NA,край,NA,4,Salimov 2412,Ksenia Romanova,andi1255
Andi,Gagatli,гъекъер,NA,основание,NA,4,Salimov 2413,Ksenia Romanova,andi1255
Andi,Gagatli,гьинц1о,NA,камень,NA,4,Salimov 2414,Ksenia Romanova,andi1255
Andi,Gagatli,гьокъгор,NA,пол,NA,4,Salimov 2415,Ksenia Romanova,andi1255
Andi,Gagatli,гьума,NA,столб,NA,4,Salimov 2416,Ksenia Romanova,andi1255
Andi,Gagatli,забор,NA,забор,NA,4,Salimov 2417,Ksenia Romanova,andi1255
Andi,Gagatli,ингур,NA,окно,NA,4,Salimov 2418,Ksenia Romanova,andi1255
Andi,Gagatli,кав,NA,ворота,NA,4,Salimov 2419,Ksenia Romanova,andi1255
Andi,Gagatli,кирпич,NA,кирпич,NA,4,Salimov 2420,Ksenia Romanova,andi1255
Andi,Gagatli,кули,NA,хутор,NA,4,Salimov 2421,Ksenia Romanova,andi1255
Andi,Gagatli,курки,NA,печь,NA,4,Salimov 2422,Ksenia Romanova,andi1255
Andi,Gagatli,курки,NA,камин,NA,4,Salimov 2423,Ksenia Romanova,andi1255
Andi,Gagatli,къват1а,NA,улица,NA,4,Salimov 2424,Ksenia Romanova,andi1255
Andi,Gagatli,къен,NA,стена,NA,4,Salimov 2425,Ksenia Romanova,andi1255
Andi,Gagatli,къуну,NA,плита,NA,4,Salimov 2426,Ksenia Romanova,andi1255
Andi,Gagatli,къуну,NA,камень,NA,4,Salimov 2427,Ksenia Romanova,andi1255
Andi,Gagatli,къгурч1ч1ил,NA,дыра в стене,NA,4,Salimov 2428,Ksenia Romanova,andi1255
Andi,Gagatli,къиру,NA,мост,NA,4,Salimov 2429,Ksenia Romanova,andi1255
Andi,Gagatli,къури,NA,скала,NA,4,Salimov 2430,Ksenia Romanova,andi1255
Andi,Gagatli,къуч1ч1и,NA,фундамент,NA,4,Salimov 2431,Ksenia Romanova,andi1255
Andi,Gagatli,лажбар,NA,краска,NA,4,Salimov 2432,Ksenia Romanova,andi1255
Andi,Gagatli,лади,NA,дымоход,NA,4,Salimov 2433,Ksenia Romanova,andi1255
Andi,Gagatli,лекъвал,NA,потолок,NA,4,Salimov 2434,Ksenia Romanova,andi1255
Andi,Gagatli,локъу,NA,навес,NA,4,Salimov 2435,Ksenia Romanova,andi1255
Andi,Gagatli,лом,NA,крыша,NA,4,Salimov 2436,Ksenia Romanova,andi1255
Andi,Gagatli,майдан,NA,площадь,NA,4,Salimov 2437,Ksenia Romanova,andi1255
Andi,Gagatli,мижи,NA,камень,NA,4,Salimov 2438,Ksenia Romanova,andi1255
Andi,Gagatli,микъи,NA,дорога,NA,4,Salimov 2439,Ksenia Romanova,andi1255
Andi,Gagatli,милки,NA,дом,NA,4,Salimov 2440,Ksenia Romanova,andi1255
Andi,Gagatli,пеши,NA,печь,NA,4,Salimov 2441,Ksenia Romanova,andi1255
Andi,Gagatli,рагьал,NA,край,NA,4,Salimov 2442,Ksenia Romanova,andi1255
Andi,Gagatli,рей,NA,двор,NA,4,Salimov 2443,Ksenia Romanova,andi1255
Andi,Gagatli,рейл1ул,NA,порог,NA,4,Salimov 2444,Ksenia Romanova,andi1255
Andi,Gagatli,рохъи,NA,канава,NA,4,Salimov 2445,Ksenia Romanova,andi1255
Andi,Gagatli,ссангар,NA,баррикада,NA,4,Salimov 2446,Ksenia Romanova,andi1255
Andi,Gagatli,ссангар,NA,барьер,NA,4,Salimov 2447,Ksenia Romanova,andi1255
Andi,Gagatli,сур,NA,песок,NA,4,Salimov 2448,Ksenia Romanova,andi1255
Andi,Gagatli,сур,NA,земля,NA,4,Salimov 2449,Ksenia Romanova,andi1255
Andi,Gagatli,ссемети,NA,цемент,NA,4,Salimov 2450,Ksenia Romanova,andi1255
Andi,Gagatli,тохасси,NA,засов,NA,4,Salimov 2451,Ksenia Romanova,andi1255
Andi,Gagatli,тохасси,NA,ставни окна,NA,4,Salimov 2452,Ksenia Romanova,andi1255
Andi,Gagatli,тукан,NA,магазин,NA,4,Salimov 2453,Ksenia Romanova,andi1255
Andi,Gagatli,херсси,NA,крючок,NA,4,Salimov 2454,Ksenia Romanova,andi1255
Andi,Gagatli,къала,NA,крепость,NA,4,Salimov 2455,Ksenia Romanova,andi1255
Andi,Gagatli,ч1абар,NA,глина,NA,4,Salimov 2456,Ksenia Romanova,andi1255
Andi,Gagatli,ч1абат1и,NA,сера,NA,4,Salimov 2457,Ksenia Romanova,andi1255
Andi,Gagatli,ч1ич1ом,NA,камешек,NA,4,Salimov 2458,Ksenia Romanova,andi1255
Andi,Gagatli,шэгьер,NA,город,NA,4,Salimov 2459,Ksenia Romanova,andi1255
Andi,Gagatli,щалйа,NA,тина,NA,4,Salimov 2460,Ksenia Romanova,andi1255
Andi,Gagatli,щалйа,NA,ип,NA,4,Salimov 2461,Ksenia Romanova,andi1255
Andi,Gagatli,щинк1и,NA,петли,NA,4,Salimov 2462,Ksenia Romanova,andi1255
Andi,Gagatli,шир,NA,воск,NA,4,Salimov 2463,Ksenia Romanova,andi1255
Andi,Gagatli,щокъга,NA,черепица,NA,4,Salimov 2464,Ksenia Romanova,andi1255
Andi,Gagatli,амму,NA,мутный поток,NA,4,Salimov 2465,Ksenia Romanova,andi1255
Andi,Gagatli,анччу,NA,тень,NA,4,Salimov 2466,Ksenia Romanova,andi1255
Andi,Gagatli,бил,NA,гора,NA,4,Salimov 2467,Ksenia Romanova,andi1255
Andi,Gagatli,биччин,NA,теневая сторона,NA,4,Salimov 2468,Ksenia Romanova,andi1255
Andi,Gagatli,гъижи,NA,холм,NA,4,Salimov 2469,Ksenia Romanova,andi1255
Andi,Gagatli,гьава,NA,воздух,NA,4,Salimov 2470,Ksenia Romanova,andi1255
Andi,Gagatli,гьамлу,NA,туман,NA,4,Salimov 2471,Ksenia Romanova,andi1255
Andi,Gagatli,гоогоом,NA,прохлада,NA,4,Salimov 2472,Ksenia Romanova,andi1255
Andi,Gagatli,игьур,NA,пруд,NA,4,Salimov 2473,Ksenia Romanova,andi1255
Andi,Gagatli,зар,NA,лед,NA,4,Salimov 2474,Ksenia Romanova,andi1255
Andi,Gagatli,ихоххул,NA,сугроб,NA,4,Salimov 2475,Ksenia Romanova,andi1255
Andi,Gagatli,къодо,NA,поток,NA,4,Salimov 2476,Ksenia Romanova,andi1255
Andi,Gagatli,милъи,NA,солнце,NA,4,Salimov 2477,Ksenia Romanova,andi1255
Andi,Gagatli,мочи,NA,ветер,NA,4,Salimov 2478,Ksenia Romanova,andi1255
Andi,Gagatli,порц1ц1и,NA,луна,NA,4,Salimov 2479,Ksenia Romanova,andi1255
Andi,Gagatli,порц1ц1и,NA,месяц,NA,4,Salimov 2480,Ksenia Romanova,andi1255
Andi,Gagatli,пудилол,NA,пурга,NA,4,Salimov 2481,Ksenia Romanova,andi1255
Andi,Gagatli,пудилол,NA,снежная буря,NA,4,Salimov 2482,Ksenia Romanova,andi1255
Andi,Gagatli,ригьи,NA,время,NA,4,Salimov 2483,Ksenia Romanova,andi1255
Andi,Gagatli,серу,NA,буря,NA,4,Salimov 2484,Ksenia Romanova,andi1255
Andi,Gagatli,суннир,NA,молния,NA,4,Salimov 2485,Ksenia Romanova,andi1255
Andi,Gagatli,ссур,NA,буран,NA,4,Salimov 2486,Ksenia Romanova,andi1255
Andi,Gagatli,ххару,NA,вихри,NA,4,Salimov 2487,Ksenia Romanova,andi1255
Andi,Gagatli,ц1оборц1а,NA,радуга,NA,4,Salimov 2488,Ksenia Romanova,andi1255
Andi,Gagatli,ц1ц1а,NA,звезда,NA,4,Salimov 2489,Ksenia Romanova,andi1255
Andi,Gagatli,ц1ц1илкъу,NA,иней,NA,4,Salimov 2490,Ksenia Romanova,andi1255
Andi,Gagatli,ц1ц1уму,NA,прохлада,NA,4,Salimov 2491,Ksenia Romanova,andi1255
Andi,Gagatli,щиб,NA,роса,NA,4,Salimov 2492,Ksenia Romanova,andi1255
Andi,Gagatli,аббасси,NA,двадцать копеек,NA,4,Salimov 2493,Ksenia Romanova,andi1255
Andi,Gagatli,кепекки,NA,копейка,NA,4,Salimov 2494,Ksenia Romanova,andi1255
Andi,Gagatli,мисиди,NA,золото,NA,4,Salimov 2495,Ksenia Romanova,andi1255
Andi,Gagatli,орси,NA,деньги,NA,4,Salimov 2496,Ksenia Romanova,andi1255
Andi,Gagatli,орси,NA,серебро,NA,4,Salimov 2497,Ksenia Romanova,andi1255
Andi,Gagatli,сом,NA,рубль,NA,4,Salimov 2498,Ksenia Romanova,andi1255
Andi,Gagatli,тумен,NA,червонец,NA,4,Salimov 2499,Ksenia Romanova,andi1255
Andi,Gagatli,тумен,NA,десять рублей,NA,4,Salimov 2500,Ksenia Romanova,andi1255
Andi,Gagatli,шагьи,NA,пять копеек,NA,4,Salimov 2501,Ksenia Romanova,andi1255
Andi,Gagatli,гьац1аккуб,NA,алюминий,NA,4,Salimov 2502,Ksenia Romanova,andi1255
Andi,Gagatli,гьир,NA,красная медь,NA,4,Salimov 2503,Ksenia Romanova,andi1255
Andi,Gagatli,йези,NA,медь,NA,4,Salimov 2504,Ksenia Romanova,andi1255
Andi,Gagatli,карбит,NA,бронза,NA,4,Salimov 2505,Ksenia Romanova,andi1255
Andi,Gagatli,ккуб,NA,железо,NA,4,Salimov 2506,Ksenia Romanova,andi1255
Andi,Gagatli,тутийа,NA,цинк,NA,4,Salimov 2507,Ksenia Romanova,andi1255
Andi,Gagatli,т1уши,NA,свинец,NA,4,Salimov 2508,Ksenia Romanova,andi1255
Andi,Gagatli,чирон,NA,сталь,NA,4,Salimov 2509,Ksenia Romanova,andi1255
Andi,Gagatli,адаб,NA,вежливость,NA,4,Salimov 2510,Ksenia Romanova,andi1255
Andi,Gagatli,адати,NA,обычай,NA,4,Salimov 2511,Ksenia Romanova,andi1255
Andi,Gagatli,аджад,NA,рок,NA,4,Salimov 2512,Ksenia Romanova,andi1255
Andi,Gagatli,аджад,NA,смерть,NA,4,Salimov 2513,Ksenia Romanova,andi1255
Andi,Gagatli,азаб,NA,наказание,NA,4,Salimov 2514,Ksenia Romanova,andi1255
Andi,Gagatli,алджан,NA,рай,NA,4,Salimov 2515,Ksenia Romanova,andi1255
Andi,Gagatli,амад,NA,характер,NA,4,Salimov 2516,Ksenia Romanova,andi1255
Andi,Gagatli,амру,NA,приказ,NA,4,Salimov 2517,Ksenia Romanova,andi1255
Andi,Gagatli,apзи,NA,жалоба,NA,4,Salimov 2518,Ksenia Romanova,andi1255
Andi,Gagatli,эск1ар,NA,армия,NA,4,Salimov 2519,Ksenia Romanova,andi1255
Andi,Gagatli,accp,NA,пропопка,NA,4,Salimov 2520,Ksenia Romanova,andi1255
Andi,Gagatli,ахьал,NA,половина,NA,4,Salimov 2521,Ksenia Romanova,andi1255
Andi,Gagatli,бещи,NA,сила,NA,4,Salimov 2522,Ksenia Romanova,andi1255
Andi,Gagatli,гъавгъа,NA,смута,NA,4,Salimov 2523,Ksenia Romanova,andi1255
Andi,Gagatli,гъавгъа,NA,скандал,NA,4,Salimov 2524,Ksenia Romanova,andi1255
Andi,Gagatli,гъалмагъар,NA,скандал,NA,4,Salimov 2525,Ksenia Romanova,andi1255
Andi,Gagatli,гъира,NA,страсть,NA,4,Salimov 2526,Ksenia Romanova,andi1255
Andi,Gagatli,гьак1а,NA,штраф,NA,4,Salimov 2527,Ksenia Romanova,andi1255
Andi,Gagatli,гьел,NA,положение,NA,4,Salimov 2528,Ksenia Romanova,andi1255
Andi,Gagatli,гьалт1и,NA,работа,NA,4,Salimov 2529,Ksenia Romanova,andi1255
Andi,Gagatli,гьекьим,NA,пядь,NA,4,Salimov 2530,Ksenia Romanova,andi1255
Andi,Gagatli,гьилла,NA,хитрость,NA,4,Salimov 2531,Ksenia Romanova,andi1255
Andi,Gagatli,гьукумати,NA,правительство,NA,4,Salimov 2532,Ksenia Romanova,andi1255
Andi,Gagatli,гьунap,NA,талант,NA,4,Salimov 2533,Ksenia Romanova,andi1255
Andi,Gagatli,гьухъел,NA,вздох,NA,4,Salimov 2534,Ksenia Romanova,andi1255
Andi,Gagatli,даъба,NA,спор,NA,4,Salimov 2535,Ksenia Romanova,andi1255
Andi,Gagatli,джаваб,NA,ответ,NA,4,Salimov 2536,Ksenia Romanova,andi1255
Andi,Gagatli,джуджагъи,NA,ад,NA,4,Salimov 2537,Ksenia Romanova,andi1255
Andi,Gagatli,забастовка,NA,забастовка,NA,4,Salimov 2538,Ksenia Romanova,andi1255
Andi,Gagatli,заседание,NA,заседание,NA,4,Salimov 2539,Ksenia Romanova,andi1255
Andi,Gagatli,зигара,NA,стон,NA,4,Salimov 2540,Ksenia Romanova,andi1255
Andi,Gagatli,ихтилат,NA,развлечение,NA,4,Salimov 2541,Ksenia Romanova,andi1255
Andi,Gagatli,калам,NA,речь,NA,4,Salimov 2542,Ksenia Romanova,andi1255
Andi,Gagatli,камар,NA,часть,NA,4,Salimov 2543,Ksenia Romanova,andi1255
Andi,Gagatli,кванорлъир,NA,свет,NA,4,Salimov 2544,Ksenia Romanova,andi1255
Andi,Gagatli,кеп,NA,удовольствие,NA,4,Salimov 2545,Ksenia Romanova,andi1255
Andi,Gagatli,кици,NA,загадка,NA,4,Salimov 2546,Ksenia Romanova,andi1255
Andi,Gagatli,коммунизм,NA,коммунизм,NA,4,Salimov 2547,Ksenia Romanova,andi1255
Andi,Gagatli,кумеки,NA,помощь,NA,4,Salimov 2548,Ksenia Romanova,andi1255
Andi,Gagatli,кьаргьа,NA,множество живых существ,NA,4,Salimov 2549,Ksenia Romanova,andi1255
Andi,Gagatli,къгенкъге,NA,грязь,NA,4,Salimov 2550,Ksenia Romanova,andi1255
Andi,Gagatli,кьгиммати,NA,цена,NA,4,Salimov 2551,Ksenia Romanova,andi1255
Andi,Gagatli,къгувати,NA,сила,NA,4,Salimov 2552,Ksenia Romanova,andi1255
Andi,Gagatli,къгулла,NA,помещение для омовений,NA,4,Salimov 2553,Ksenia Romanova,andi1255
Andi,Gagatli,ламуси,NA,честь,NA,4,Salimov 2554,Ksenia Romanova,andi1255
Andi,Gagatli,ламуси,NA,совесть,NA,4,Salimov 2555,Ksenia Romanova,andi1255
Andi,Gagatli,лъоми,NA,воровство,NA,4,Salimov 2556,Ksenia Romanova,andi1255
Andi,Gagatli,мараги,NA,ложь,NA,4,Salimov 2557,Ksenia Romanova,andi1255
Andi,Gagatli,маскъгара,NA,шутка,NA,4,Salimov 2558,Ksenia Romanova,andi1255
Andi,Gagatli,маслати,NA,согласие,NA,4,Salimov 2559,Ksenia Romanova,andi1255
Andi,Gagatli,машкьгил,NA,уменъе,NA,4,Salimov 2560,Ksenia Romanova,andi1255
Andi,Gagatli,маъишати,NA,хозяйство,NA,4,Salimov 2561,Ksenia Romanova,andi1255
Andi,Gagatli,муха,NA,сказка,NA,4,Salimov 2562,Ksenia Romanova,andi1255
Andi,Gagatli,ниййати,NA,измерение,NA,4,Salimov 2563,Ksenia Romanova,andi1255
Andi,Gagatli,нур,NA,свет,NA,4,Salimov 2564,Ksenia Romanova,andi1255
Andi,Gagatli,пал,NA,жребий,NA,4,Salimov 2565,Ksenia Romanova,andi1255
Andi,Gagatli,питина,NA,скандал,NA,4,Salimov 2566,Ksenia Romanova,andi1255
Andi,Gagatli,рейхъур,NA,война,NA,4,Salimov 2567,Ksenia Romanova,andi1255
Andi,Gagatli,релаччидйа,NA,соболезнование,NA,4,Salimov 2568,Ksenia Romanova,andi1255
Andi,Gagatli,рергьан,NA,радкоть,NA,4,Salimov 2569,Ksenia Romanova,andi1255
Andi,Gagatli,рокъир,NA,мир,NA,4,Salimov 2570,Ksenia Romanova,andi1255
Andi,Gagatli,рошо,NA,слово,NA,4,Salimov 2571,Ksenia Romanova,andi1255
Andi,Gagatli,рукьи,NA,любовь,NA,4,Salimov 2572,Ksenia Romanova,andi1255
Andi,Gagatli,собрани,NA,собрание,NA,4,Salimov 2573,Ksenia Romanova,andi1255
Andi,Gagatli,социализм,NA,социализм,NA,4,Salimov 2574,Ksenia Romanova,andi1255
Andi,Gagatli,ссапар,NA,путешествие,NA,4,Salimov 2575,Ksenia Romanova,andi1255
Andi,Gagatli,ссим,NA,злость,NA,4,Salimov 2576,Ksenia Romanova,andi1255
Andi,Gagatli,суъал,NA,вопрос,NA,4,Salimov 2577,Ksenia Romanova,andi1255
Andi,Gagatli,тухум,NA,род,NA,4,Salimov 2578,Ksenia Romanova,andi1255
Andi,Gagatli,т1алаб,NA,забота,NA,4,Salimov 2579,Ksenia Romanova,andi1255
Andi,Gagatli,уммати,NA,народ,NA,4,Salimov 2580,Ksenia Romanova,andi1255
Andi,Gagatli,умури,NA,жизнь,NA,4,Salimov 2581,Ksenia Romanova,andi1255
Andi,Gagatli,ургъел,NA,раздумье,NA,4,Salimov 2582,Ksenia Romanova,andi1255
Andi,Gagatli,урурухъи,NA,род,NA,4,Salimov 2583,Ksenia Romanova,andi1255
Andi,Gagatli,урурухъи,NA,фамилия,NA,4,Salimov 2584,Ksenia Romanova,andi1255
Andi,Gagatli,халкъчи,NA,народ,NA,4,Salimov 2585,Ksenia Romanova,andi1255
Andi,Gagatli,ц1ц1об,NA,пощада,NA,4,Salimov 2586,Ksenia Romanova,andi1255
Andi,Gagatli,элму,NA,наука,NA,4,Salimov 2587,Ksenia Romanova,andi1255
Andi,Gagatli,эрга,NA,очередь,NA,4,Salimov 2588,Ksenia Romanova,andi1255
Andi,Gagatli,азри,NA,избалованность,NA,4,Salimov 2589,Ksenia Romanova,andi1255
Andi,Gagatli,бодако,NA,пустая часть зоба,NA,5,Salimov 2590,Ksenia Romanova,andi1255
Andi,Gagatli,бак1олласси,NA,сёлезенка,NA,5,Salimov 2591,Ksenia Romanova,andi1255
Andi,Gagatli,бигги,NA,яйцо,NA,5,Salimov 2592,Ksenia Romanova,andi1255
Andi,Gagatli,гваггва,NA,голова,NA,5,Salimov 2593,Ksenia Romanova,andi1255
Andi,Gagatli,гвангва,NA,череп,NA,5,Salimov 2594,Ksenia Romanova,andi1255
Andi,Gagatli,гьажу,NA,рука от плеча до кисти,NA,5,Salimov 2595,Ksenia Romanova,andi1255
Andi,Gagatli,гьвагьвачи,NA,живот,NA,5,Salimov 2596,Ksenia Romanova,andi1255
Andi,Gagatli,гьаркъун,NA,язычок,NA,5,Salimov 2597,Ksenia Romanova,andi1255
Andi,Gagatli,гьаркъун,NA,увула,NA,5,Salimov 2598,Ksenia Romanova,andi1255
Andi,Gagatli,гьаркъгуна,NA,лицо,NA,5,Salimov 2599,Ksenia Romanova,andi1255
Andi,Gagatli,гьинумиса,NA,потроха,NA,5,Salimov 2600,Ksenia Romanova,andi1255
Andi,Gagatli,гьолишу,NA,грудинка,NA,5,Salimov 2601,Ksenia Romanova,andi1255
Andi,Gagatli,гьолишу,NA,грудная часть,NA,5,Salimov 2602,Ksenia Romanova,andi1255
Andi,Gagatli,гьолу,NA,грудинка,NA,5,Salimov 2603,Ksenia Romanova,andi1255
Andi,Gagatli,гьонно,NA,лоб,NA,5,Salimov 2604,Ksenia Romanova,andi1255
Andi,Gagatli,гьону,NA,мозг,NA,5,Salimov 2605,Ksenia Romanova,andi1255
Andi,Gagatli,джавгьар,NA,маленькое яйцо,NA,5,Salimov 2606,Ksenia Romanova,andi1255
Andi,Gagatli,жуна,NA,подбородок,NA,5,Salimov 2607,Ksenia Romanova,andi1255
Andi,Gagatli,ишу,NA,вымя,NA,5,Salimov 2608,Ksenia Romanova,andi1255
Andi,Gagatli,кала,NA,рука по-детски,NA,5,Salimov 2609,Ksenia Romanova,andi1255
Andi,Gagatli,квач1а,NA,лапа,NA,5,Salimov 2610,Ksenia Romanova,andi1255
Andi,Gagatli,к1вак1ва,NA,голова,NA,5,Salimov 2611,Ksenia Romanova,andi1255
Andi,Gagatli,к1к1унерщил,NA,мускул,NA,5,Salimov 2612,Ksenia Romanova,andi1255
Andi,Gagatli,к1к1уну,NA,почка,NA,5,Salimov 2613,Ksenia Romanova,andi1255
Andi,Gagatli,к1орк1он,NA,яйцо,NA,5,Salimov 2614,Ksenia Romanova,andi1255
Andi,Gagatli,лъиру,NA,крыло,NA,5,Salimov 2615,Ksenia Romanova,andi1255
Andi,Gagatli,лъиру,NA,перо,NA,5,Salimov 2616,Ksenia Romanova,andi1255
Andi,Gagatli,мигажу,NA,борода,NA,5,Salimov 2617,Ksenia Romanova,andi1255
Andi,Gagatli,мийар,NA,голова,NA,5,Salimov 2618,Ksenia Romanova,andi1255
Andi,Gagatli,онххи,NA,содержимое потрохов,NA,5,Salimov 2619,Ksenia Romanova,andi1255
Andi,Gagatli,ребкьу,NA,зоб,NA,5,Salimov 2620,Ksenia Romanova,andi1255
Andi,Gagatli,ребкьу,NA,сычуг,NA,5,Salimov 2621,Ksenia Romanova,andi1255
Andi,Gagatli,репа,NA,рука,NA,5,Salimov 2622,Ksenia Romanova,andi1255
Andi,Gagatli,релил1и,NA,печень,NA,5,Salimov 2623,Ksenia Romanova,andi1255
Andi,Gagatli,рижи,NA,лицо,NA,5,Salimov 2624,Ksenia Romanova,andi1255
Andi,Gagatli,рич1ин,NA,кусок мяса,NA,5,Salimov 2625,Ksenia Romanova,andi1255
Andi,Gagatli,рич1ин,NA,кость тела,NA,5,Salimov 2626,Ksenia Romanova,andi1255
Andi,Gagatli,рок1о,NA,сердце,NA,5,Salimov 2627,Ksenia Romanova,andi1255
Andi,Gagatli,ручол,NA,желудок,NA,5,Salimov 2628,Ksenia Romanova,andi1255
Andi,Gagatli,сикьги,NA,клык,NA,5,Salimov 2629,Ksenia Romanova,andi1255
Andi,Gagatli,сол,NA,зуб,NA,5,Salimov 2630,Ksenia Romanova,andi1255
Andi,Gagatli,соси,NA,сало,NA,5,Salimov 2631,Ksenia Romanova,andi1255
Andi,Gagatli,ссордил,NA,край курдюка,NA,5,Salimov 2632,Ksenia Romanova,andi1255
Andi,Gagatli,т1икъги,NA,зуб по-детски,NA,5,Salimov 2633,Ksenia Romanova,andi1255
Andi,Gagatli,ц1арк1о,NA,желудок,NA,5,Salimov 2634,Ksenia Romanova,andi1255
Andi,Gagatli,ц1ил,NA,хрящ,NA,5,Salimov 2635,Ksenia Romanova,andi1255
Andi,Gagatli,чанагъи,NA,челюсть,NA,5,Salimov 2636,Ksenia Romanova,andi1255
Andi,Gagatli,желшел,NA,двойной подбородок,NA,5,Salimov 2637,Ksenia Romanova,andi1255
Andi,Gagatli,бахъва,NA,грыжа,NA,5,Salimov 2638,Ksenia Romanova,andi1255
Andi,Gagatli,гьилат1аммир,NA,оспа,NA,5,Salimov 2639,Ksenia Romanova,andi1255
Andi,Gagatli,ругьун,NA,рана,NA,5,Salimov 2640,Ksenia Romanova,andi1255
Andi,Gagatli,хъинтол,NA,царапина,NA,5,Salimov 2641,Ksenia Romanova,andi1255
Andi,Gagatli,хъиру,NA,корь,NA,5,Salimov 2642,Ksenia Romanova,andi1255
Andi,Gagatli,айкал,NA,четырехугольный амулет,NA,5,Salimov 2643,Ksenia Romanova,andi1255
Andi,Gagatli,анкол,NA,лента чохто,NA,5,Salimov 2644,Ksenia Romanova,andi1255
Andi,Gagatli,apщилъол,NA,приспособление для привязывания брюк по талии,NA,5,Salimov 2645,Ksenia Romanova,andi1255
Andi,Gagatli,гардисси,NA,воротник,NA,5,Salimov 2646,Ksenia Romanova,andi1255
Andi,Gagatli,гвадачи,NA,перчатка,NA,5,Salimov 2647,Ksenia Romanova,andi1255
Andi,Gagatli,гурдо,NA,рубашка,NA,5,Salimov 2648,Ksenia Romanova,andi1255
Andi,Gagatli,гурдо,NA,платье,NA,5,Salimov 2649,Ksenia Romanova,andi1255
Andi,Gagatli,гъабалай,NA,платье,NA,5,Salimov 2650,Ksenia Romanova,andi1255
Andi,Gagatli,йжавлухъи,NA,платок,NA,5,Salimov 2651,Ksenia Romanova,andi1255
Andi,Gagatli,кваркъин,NA,браслет,NA,5,Salimov 2652,Ksenia Romanova,andi1255
Andi,Gagatli,керенссери,NA,короткий бешмет,NA,5,Salimov 2653,Ksenia Romanova,andi1255
Andi,Gagatli,киц1у,NA,серьга,NA,5,Salimov 2654,Ksenia Romanova,andi1255
Andi,Gagatli,к1ази,NA,женский большой платок,NA,5,Salimov 2655,Ksenia Romanova,andi1255
Andi,Gagatli,к1орукиц1у,NA,петля,NA,5,Salimov 2656,Ksenia Romanova,andi1255
Andi,Gagatli,к1орукиц1у,NA,изгиб,NA,5,Salimov 2657,Ksenia Romanova,andi1255
Andi,Gagatli,майка,NA,майка,NA,5,Salimov 2658,Ksenia Romanova,andi1255
Andi,Gagatli,медаль,NA,медаль,NA,5,Salimov 2659,Ksenia Romanova,andi1255
Andi,Gagatli,миргьал,NA,пуговица,NA,5,Salimov 2660,Ksenia Romanova,andi1255
Andi,Gagatli,миххил,NA,ожерелье,NA,5,Salimov 2661,Ksenia Romanova,andi1255
Andi,Gagatli,мич1ч1ол,NA,нить из конопли,NA,5,Salimov 2662,Ksenia Romanova,andi1255
Andi,Gagatli,озолу,NA,шелковый платок,NA,5,Salimov 2663,Ksenia Romanova,andi1255
Andi,Gagatli,орден,NA,орден,NA,5,Salimov 2664,Ksenia Romanova,andi1255
Andi,Gagatli,ошкъгоги,NA,штаны,NA,5,Salimov 2665,Ksenia Romanova,andi1255
Andi,Gagatli,ошкъгоги,NA,шаровары,NA,5,Salimov 2666,Ksenia Romanova,andi1255
Andi,Gagatli,ошкъгоги,NA,брюки,NA,5,Salimov 2667,Ksenia Romanova,andi1255
Andi,Gagatli,пиннжеки,NA,пиджак,NA,5,Salimov 2668,Ksenia Romanova,andi1255
Andi,Gagatli,рак1ол,NA,тряпка,NA,5,Salimov 2669,Ksenia Romanova,andi1255
Andi,Gagatli,рац1ил,NA,латка,NA,5,Salimov 2670,Ksenia Romanova,andi1255
Andi,Gagatli,рекун,NA,нить,NA,5,Salimov 2671,Ksenia Romanova,andi1255
Andi,Gagatli,рижа,NA,шнур,NA,5,Salimov 2672,Ksenia Romanova,andi1255
Andi,Gagatli,ххардил,NA,материал для украшения лицевой стороны чохто,NA,5,Salimov 2673,Ksenia Romanova,andi1255
Andi,Gagatli,сабаб,NA,трехугольный амулет,NA,5,Salimov 2674,Ksenia Romanova,andi1255
Andi,Gagatli,ссалатол,NA,бусы,NA,5,Salimov 2675,Ksenia Romanova,andi1255
Andi,Gagatli,тегеле,NA,бешмет,NA,5,Salimov 2676,Ksenia Romanova,andi1255
Andi,Gagatli,ц1ц1ек1алъол,NA,перстень,NA,5,Salimov 2677,Ksenia Romanova,andi1255
Andi,Gagatli,ц1ц1ек1алъол,NA,кольцо,NA,5,Salimov 2678,Ksenia Romanova,andi1255
Andi,Gagatli,ч1ол,NA,ремешок,NA,5,Salimov 2679,Ksenia Romanova,andi1255
Andi,Gagatli,ч1ол,NA,шнур,NA,5,Salimov 2680,Ksenia Romanova,andi1255
Andi,Gagatli,булка,NA,булка,NA,5,Salimov 2681,Ksenia Romanova,andi1255
Andi,Gagatli,буршина,NA,ватрушка,NA,5,Salimov 2682,Ksenia Romanova,andi1255
Andi,Gagatli,гун,NA,толокно,NA,5,Salimov 2683,Ksenia Romanova,andi1255
Andi,Gagatli,гьунц1ц1и,NA,мед,NA,5,Salimov 2684,Ksenia Romanova,andi1255
Andi,Gagatli,закуска,NA,закуска,NA,5,Salimov 2685,Ksenia Romanova,andi1255
Andi,Gagatli,исо,NA,творог,NA,5,Salimov 2686,Ksenia Romanova,andi1255
Andi,Gagatli,исол1урл1а,NA,еда,NA,5,Salimov 2687,Ksenia Romanova,andi1255
Andi,Gagatli,исол1урл1а,NA,творог с маслом,NA,5,Salimov 2688,Ksenia Romanova,andi1255
Andi,Gagatli,караки,NA,лепешка,NA,5,Salimov 2689,Ksenia Romanova,andi1255
Andi,Gagatli,кенпеги,NA,конфета,NA,5,Salimov 2690,Ksenia Romanova,andi1255
Andi,Gagatli,кощи,NA,каша,NA,5,Salimov 2691,Ksenia Romanova,andi1255
Andi,Gagatli,кьгерц1ц1и,NA,сыворотка,NA,5,Salimov 2692,Ksenia Romanova,andi1255
Andi,Gagatli,къго,NA,масляная пена,NA,5,Salimov 2693,Ksenia Romanova,andi1255
Andi,Gagatli,ленщур,NA,мука,NA,5,Salimov 2694,Ksenia Romanova,andi1255
Andi,Gagatli,л1урл1а,NA,масло,NA,5,Salimov 2695,Ksenia Romanova,andi1255
Andi,Gagatli,можореги,NA,лепешка,NA,5,Salimov 2696,Ksenia Romanova,andi1255
Andi,Gagatli,печени,NA,печенье,NA,5,Salimov 2697,Ksenia Romanova,andi1255
Andi,Gagatli,пирог,NA,пирог,NA,5,Salimov 2698,Ksenia Romanova,andi1255
Andi,Gagatli,приник,NA,пряник,NA,5,Salimov 2699,Ksenia Romanova,andi1255
Andi,Gagatli,cypo,NA,кислое питье,NA,5,Salimov 2700,Ksenia Romanova,andi1255
Andi,Gagatli,тур,NA,рассол,NA,5,Salimov 2701,Ksenia Romanova,andi1255
Andi,Gagatli,ц1ц1он,NA,соль,NA,5,Salimov 2702,Ksenia Romanova,andi1255
Andi,Gagatli,ц1ц1онтур,NA,соленье,NA,5,Salimov 2703,Ksenia Romanova,andi1255
Andi,Gagatli,ц1ц1онтур,NA,квашение,NA,5,Salimov 2704,Ksenia Romanova,andi1255
Andi,Gagatli,чорпа,NA,похлебка,NA,5,Salimov 2705,Ksenia Romanova,andi1255
Andi,Gagatli,ч1ами,NA,брынза,NA,5,Salimov 2706,Ksenia Romanova,andi1255
Andi,Gagatli,щив,NA,молоко,NA,5,Salimov 2707,Ksenia Romanova,andi1255
Andi,Gagatli,щигалати,NA,шоколад,NA,5,Salimov 2708,Ksenia Romanova,andi1255
Andi,Gagatli,архъи,NA,вид травы,NA,5,Salimov 2709,Ksenia Romanova,andi1255
Andi,Gagatli,аса,NA,кустарник,NA,5,Salimov 2710,Ksenia Romanova,andi1255
Andi,Gagatli,баъли,NA,черешня,NA,5,Salimov 2711,Ksenia Romanova,andi1255
Andi,Gagatli,гаг,NA,косточка,NA,5,Salimov 2712,Ksenia Romanova,andi1255
Andi,Gagatli,гаг,NA,зерно,NA,5,Salimov 2713,Ksenia Romanova,andi1255
Andi,Gagatli,гьургъи,NA,ягода карагача,NA,5,Salimov 2714,Ksenia Romanova,andi1255
Andi,Gagatli,гьантерщи,NA,шишка,NA,5,Salimov 2715,Ksenia Romanova,andi1255
Andi,Gagatli,гьеч1инк1а,NA,кукуруза,NA,5,Salimov 2716,Ksenia Romanova,andi1255
Andi,Gagatli,гъимлал,NA,шиповник,NA,5,Salimov 2717,Ksenia Romanova,andi1255
Andi,Gagatli,гьоли,NA,горох,NA,5,Salimov 2718,Ksenia Romanova,andi1255
Andi,Gagatli,гьолиххи,NA,полевой горох,NA,5,Salimov 2719,Ksenia Romanova,andi1255
Andi,Gagatli,гьунч1а,NA,сено,NA,5,Salimov 2720,Ksenia Romanova,andi1255
Andi,Gagatli,джинджи,NA,цветок,NA,5,Salimov 2721,Ksenia Romanova,andi1255
Andi,Gagatli,жага,NA,вишня,NA,5,Salimov 2722,Ksenia Romanova,andi1255
Andi,Gagatli,кими,NA,ягоды кизила,NA,5,Salimov 2723,Ksenia Romanova,andi1255
Andi,Gagatli,инццирт1а,NA,мятное съедобное растение,NA,5,Salimov 2724,Ksenia Romanova,andi1255
Andi,Gagatli,иширл1а,NA,вид травы,NA,5,Salimov 2725,Ksenia Romanova,andi1255
Andi,Gagatli,йилгъин,NA,хворост,NA,5,Salimov 2726,Ksenia Romanova,andi1255
Andi,Gagatli,йилгъин,NA,кустарник,NA,5,Salimov 2727,Ksenia Romanova,andi1255
Andi,Gagatli,кару,NA,тутовник,NA,5,Salimov 2728,Ksenia Romanova,andi1255
Andi,Gagatli,кинл1ишен,NA,конопля,NA,5,Salimov 2729,Ksenia Romanova,andi1255
Andi,Gagatli,ишмиши,NA,сухой виноград,NA,5,Salimov 2730,Ksenia Romanova,andi1255
Andi,Gagatli,колшан,NA,приспособление из растения для связывания снопов,NA,5,Salimov 2731,Ksenia Romanova,andi1255
Andi,Gagatli,къгвакъгвал,NA,орех,NA,5,Salimov 2732,Ksenia Romanova,andi1255
Andi,Gagatli,к1к1урк1к1ул,NA,алыча,NA,5,Salimov 2733,Ksenia Romanova,andi1255
Andi,Gagatli,лепал,NA,фасоль,NA,5,Salimov 2734,Ksenia Romanova,andi1255
Andi,Gagatli,лол,NA,ботва,NA,5,Salimov 2735,Ksenia Romanova,andi1255
Andi,Gagatli,лол,NA,стебель и листья растения,NA,5,Salimov 2736,Ksenia Romanova,andi1255
Andi,Gagatli,поли,NA,молотьба,NA,5,Salimov 2737,Ksenia Romanova,andi1255
Andi,Gagatli,лъобча,NA,трехлистник,NA,5,Salimov 2738,Ksenia Romanova,andi1255
Andi,Gagatli,никку,NA,солома,NA,5,Salimov 2739,Ksenia Romanova,andi1255
Andi,Gagatli,охи,NA,сад,NA,5,Salimov 2740,Ksenia Romanova,andi1255
Andi,Gagatli,парссикьгвакъгвал,NA,мелкий орех,NA,5,Salimov 2741,Ksenia Romanova,andi1255
Andi,Gagatli,пипи,NA,ягоды чинзры,NA,5,Salimov 2742,Ksenia Romanova,andi1255
Andi,Gagatli,речехъул,NA,сладкое съедобное растение,NA,5,Salimov 2743,Ksenia Romanova,andi1255
Andi,Gagatli,реша,NA,деревцо,NA,5,Salimov 2744,Ksenia Romanova,andi1255
Andi,Gagatli,решу,NA,лес,NA,5,Salimov 2745,Ksenia Romanova,andi1255
Andi,Gagatli,рикъикл1а,NA,дикая вишня,NA,5,Salimov 2746,Ksenia Romanova,andi1255
Andi,Gagatli,рок1к1у,NA,сладкое съедобное растение,NA,5,Salimov 2747,Ksenia Romanova,andi1255
Andi,Gagatli,семечка,NA,семечка,NA,5,Salimov 2748,Ksenia Romanova,andi1255
Andi,Gagatli,сонххил,NA,целина,NA,5,Salimov 2749,Ksenia Romanova,andi1255
Andi,Gagatli,ссоромсса,NA,пучок колосьев,NA,5,Salimov 2750,Ksenia Romanova,andi1255
Andi,Gagatli,турти,NA,лен,NA,5,Salimov 2751,Ksenia Romanova,andi1255
Andi,Gagatli,т1епалу,NA,чечевица,NA,5,Salimov 2752,Ksenia Romanova,andi1255
Andi,Gagatli,хал,NA,стебель травы,NA,5,Salimov 2753,Ksenia Romanova,andi1255
Andi,Gagatli,хен,NA,ботва картофеля,NA,5,Salimov 2754,Ksenia Romanova,andi1255
Andi,Gagatli,хур,NA,поле,NA,5,Salimov 2755,Ksenia Romanova,andi1255
Andi,Gagatli,хухул,NA,сладкое съедобное растение,NA,5,Salimov 2756,Ksenia Romanova,andi1255
Andi,Gagatli,хъурма,NA,финики,NA,5,Salimov 2757,Ksenia Romanova,andi1255
Andi,Gagatli,ц1азамещи,NA,клубника,NA,5,Salimov 2758,Ksenia Romanova,andi1255
Andi,Gagatli,ц1ц1ана,NA,колючки,NA,5,Salimov 2759,Ksenia Romanova,andi1255
Andi,Gagatli,чамасдаги,NA,финик,NA,5,Salimov 2760,Ksenia Romanova,andi1255
Andi,Gagatli,ч1ик1ина,NA,род коли,NA,5,Salimov 2761,Ksenia Romanova,andi1255
Andi,Gagatli,шен,NA,семя,NA,5,Salimov 2762,Ksenia Romanova,andi1255
Andi,Gagatli,анжиди,NA,топор,NA,5,Salimov 2763,Ksenia Romanova,andi1255
Andi,Gagatli,архещи,NA,вожжа,NA,5,Salimov 2764,Ksenia Romanova,andi1255
Andi,Gagatli,бархон,NA,уздечка,NA,5,Salimov 2765,Ksenia Romanova,andi1255
Andi,Gagatli,гац1и,NA,курок,NA,5,Salimov 2766,Ksenia Romanova,andi1255
Andi,Gagatli,гац1и,NA,спуск,NA,5,Salimov 2767,Ksenia Romanova,andi1255
Andi,Gagatli,гиргимачол,NA,детская повозка,NA,5,Salimov 2768,Ksenia Romanova,andi1255
Andi,Gagatli,гьиму,NA,шило,NA,5,Salimov 2769,Ksenia Romanova,andi1255
Andi,Gagatli,гьутухъи,NA,коробка,NA,5,Salimov 2770,Ksenia Romanova,andi1255
Andi,Gagatli,дебека,NA,ручка плуга,NA,5,Salimov 2771,Ksenia Romanova,andi1255
Andi,Gagatli,джамгьу,NA,топорик,NA,5,Salimov 2772,Ksenia Romanova,andi1255
Andi,Gagatli,ижин,NA,инструмент для выдалбливания ложек,NA,5,Salimov 2773,Ksenia Romanova,andi1255
Andi,Gagatli,инква,NA,подвода,NA,5,Salimov 2774,Ksenia Romanova,andi1255
Andi,Gagatli,исир,NA,ножницы,NA,5,Salimov 2775,Ksenia Romanova,andi1255
Andi,Gagatli,ишан,NA,прицел,NA,5,Salimov 2776,Ksenia Romanova,andi1255
Andi,Gagatli,капузи,NA,кнут для юлы,NA,5,Salimov 2777,Ksenia Romanova,andi1255
Andi,Gagatli,киси,NA,марля,NA,5,Salimov 2778,Ksenia Romanova,andi1255
Andi,Gagatli,кодил1и,NA,ручная мельница,NA,5,Salimov 2779,Ksenia Romanova,andi1255
Andi,Gagatli,кохер,NA,ручная мельница,NA,5,Salimov 2780,Ksenia Romanova,andi1255
Andi,Gagatli,курт1а,NA,молоток,NA,5,Salimov 2781,Ksenia Romanova,andi1255
Andi,Gagatli,къинкъил,NA,палочка на вьюке,NA,5,Salimov 2782,Ksenia Romanova,andi1255
Andi,Gagatli,къуну,NA,плита печи,NA,5,Salimov 2783,Ksenia Romanova,andi1255
Andi,Gagatli,къуну,NA,глиняная плита,NA,5,Salimov 2784,Ksenia Romanova,andi1255
Andi,Gagatli,къгонибадисси,NA,веревка на рога быков,NA,5,Salimov 2785,Ksenia Romanova,andi1255
Andi,Gagatli,кьеркьил,NA,седло,NA,5,Salimov 2786,Ksenia Romanova,andi1255
Andi,Gagatli,к1ак1у,NA,юла,NA,5,Salimov 2787,Ksenia Romanova,andi1255
Andi,Gagatli,к1онк1а,NA,велосипед,NA,5,Salimov 2788,Ksenia Romanova,andi1255
Andi,Gagatli,лъоланк1о,NA,подкова,NA,5,Salimov 2789,Ksenia Romanova,andi1255
Andi,Gagatli,лъоллошан,NA,капкан,NA,5,Salimov 2790,Ksenia Romanova,andi1255
Andi,Gagatli,миндал,NA,седельная подушка,NA,5,Salimov 2791,Ksenia Romanova,andi1255
Andi,Gagatli,миххи,NA,подставка,NA,5,Salimov 2792,Ksenia Romanova,andi1255
Andi,Gagatli,миххи,NA,треножник,NA,5,Salimov 2793,Ksenia Romanova,andi1255
Andi,Gagatli,нищу,NA,согнутая часть плуга,NA,5,Salimov 2794,Ksenia Romanova,andi1255
Andi,Gagatli,патурман,NA,патрон,NA,5,Salimov 2795,Ksenia Romanova,andi1255
Andi,Gagatli,пист1ол,NA,пистон,NA,5,Salimov 2796,Ksenia Romanova,andi1255
Andi,Gagatli,цургун,NA,фургон,NA,5,Salimov 2797,Ksenia Romanova,andi1255
Andi,Gagatli,ракъирадиб,NA,зубило,NA,5,Salimov 2798,Ksenia Romanova,andi1255
Andi,Gagatli,рачи,NA,наковальня,NA,5,Salimov 2799,Ksenia Romanova,andi1255
Andi,Gagatli,ращирадиб,NA,папка с крючком для вытаскивания сена,NA,5,Salimov 2800,Ksenia Romanova,andi1255
Andi,Gagatli,ребццу,NA,плуг,NA,5,Salimov 2801,Ksenia Romanova,andi1255
Andi,Gagatli,реххин,NA,деревянная лопата,NA,5,Salimov 2802,Ksenia Romanova,andi1255
Andi,Gagatli,роч1ч1и,NA,силки,NA,5,Salimov 2803,Ksenia Romanova,andi1255
Andi,Gagatli,роч1ч1и,NA,капкан,NA,5,Salimov 2804,Ksenia Romanova,andi1255
Andi,Gagatli,рукъо,NA,ярмо,NA,5,Salimov 2805,Ksenia Romanova,andi1255
Andi,Gagatli,рук1к1аххин,NA,палочка в ярме,NA,5,Salimov 2806,Ksenia Romanova,andi1255
Andi,Gagatli,салазол,NA,салазки,NA,5,Salimov 2807,Ksenia Romanova,andi1255
Andi,Gagatli,сетка,NA,сетка,NA,5,Salimov 2808,Ksenia Romanova,andi1255
Andi,Gagatli,ссинникол,NA,спички,NA,5,Salimov 2809,Ksenia Romanova,andi1255
Andi,Gagatli,сусук1у,NA,сито,NA,5,Salimov 2810,Ksenia Romanova,andi1255
Andi,Gagatli,тел,NA,проволока,NA,5,Salimov 2811,Ksenia Romanova,andi1255
Andi,Gagatli,тел,NA,телеграмма,NA,5,Salimov 2812,Ksenia Romanova,andi1255
Andi,Gagatli,тел,NA,телеграф,NA,5,Salimov 2813,Ksenia Romanova,andi1255
Andi,Gagatli,телапун,NA,телефон,NA,5,Salimov 2814,Ksenia Romanova,andi1255
Andi,Gagatli,херзим,NA,деревянное седло,NA,5,Salimov 2815,Ksenia Romanova,andi1255
Andi,Gagatli,ххвалчин,NA,железная лопата,NA,5,Salimov 2816,Ksenia Romanova,andi1255
Andi,Gagatli,хъурщи,NA,ящик стола,NA,5,Salimov 2817,Ksenia Romanova,andi1255
Andi,Gagatli,ц1а,NA,огонь,NA,5,Salimov 2818,Ksenia Romanova,andi1255
Andi,Gagatli,ц1ахъвархъвал,NA,огниво,NA,5,Salimov 2819,Ksenia Romanova,andi1255
Andi,Gagatli,чанагъи,NA,сани,NA,5,Salimov 2820,Ksenia Romanova,andi1255
Andi,Gagatli,чантуги,NA,недоуздок,NA,5,Salimov 2821,Ksenia Romanova,andi1255
Andi,Gagatli,ч1ибч1ил,NA,поднос для очищения зерна,NA,5,Salimov 2822,Ksenia Romanova,andi1255
Andi,Gagatli,ч1имч1у,NA,тюль,NA,5,Salimov 2823,Ksenia Romanova,andi1255
Andi,Gagatli,ч1уриги,NA,колесо,NA,5,Salimov 2824,Ksenia Romanova,andi1255
Andi,Gagatli,ч1ч1артил,NA,кнут,NA,5,Salimov 2825,Ksenia Romanova,andi1255
Andi,Gagatli,эшмекки,NA,кожаная подставка седла,NA,5,Salimov 2826,Ksenia Romanova,andi1255
Andi,Gagatli,баллон,NA,баллон,NA,5,Salimov 2827,Ksenia Romanova,andi1255
Andi,Gagatli,банка,NA,банка,NA,5,Salimov 2828,Ksenia Romanova,andi1255
Andi,Gagatli,бошкъгапи,NA,блюдце,NA,5,Salimov 2829,Ksenia Romanova,andi1255
Andi,Gagatli,гелгел,NA,бидончик,NA,5,Salimov 2830,Ksenia Romanova,andi1255
Andi,Gagatli,горзи,NA,кружка,NA,5,Salimov 2831,Ksenia Romanova,andi1255
Andi,Gagatli,грапин,NA,графин,NA,5,Salimov 2832,Ksenia Romanova,andi1255
Andi,Gagatli,зарйан,NA,сковорода,NA,5,Salimov 2833,Ksenia Romanova,andi1255
Andi,Gagatli,прса,NA,корьгго,NA,5,Salimov 2834,Ksenia Romanova,andi1255
Andi,Gagatli,йакъийа,NA,мерка двух литров,NA,5,Salimov 2835,Ksenia Romanova,andi1255
Andi,Gagatli,к1ок1оча,NA,кувшин для воды из тыквы,NA,5,Salimov 2836,Ksenia Romanova,andi1255
Andi,Gagatli,пала,NA,крышка,NA,5,Salimov 2837,Ksenia Romanova,andi1255
Andi,Gagatli,лелла,NA,поднос,NA,5,Salimov 2838,Ksenia Romanova,andi1255
Andi,Gagatli,литр,NA,литр,NA,5,Salimov 2839,Ksenia Romanova,andi1255
Andi,Gagatli,орто,NA,деревянная кружка двух литров,NA,5,Salimov 2840,Ksenia Romanova,andi1255
Andi,Gagatli,пандузи,NA,поднос,NA,5,Salimov 2841,Ksenia Romanova,andi1255
Andi,Gagatli,расонхъул,NA,гончарный кувшин для воды,NA,5,Salimov 2842,Ksenia Romanova,andi1255
Andi,Gagatli,рокъго,NA,гончарное изделие емкостью 4 пуда,NA,5,Salimov 2843,Ksenia Romanova,andi1255
Andi,Gagatli,стакан,NA,стакан,NA,5,Salimov 2844,Ksenia Romanova,andi1255
Andi,Gagatli,ссумагьур,NA,самовар,NA,5,Salimov 2845,Ksenia Romanova,andi1255
Andi,Gagatli,хъаба,NA,горшок,NA,5,Salimov 2846,Ksenia Romanova,andi1255
Andi,Gagatli,хьаги,NA,кастрюля,NA,5,Salimov 2847,Ksenia Romanova,andi1255
Andi,Gagatli,хьаги,NA,котел,NA,5,Salimov 2848,Ksenia Romanova,andi1255
Andi,Gagatli,чайник1и,NA,чайник,NA,5,Salimov 2849,Ksenia Romanova,andi1255
Andi,Gagatli,чайц1ц1адйа,NA,большая гончарная кружка,NA,5,Salimov 2850,Ksenia Romanova,andi1255
Andi,Gagatli,челеки,NA,ведро,NA,5,Salimov 2851,Ksenia Romanova,andi1255
Andi,Gagatli,чингил,NA,тарелка,NA,5,Salimov 2852,Ksenia Romanova,andi1255
Andi,Gagatli,чуги,NA,кувшин,NA,5,Salimov 2853,Ksenia Romanova,andi1255
Andi,Gagatli,ч1икъги,NA,кружка,NA,5,Salimov 2854,Ksenia Romanova,andi1255
Andi,Gagatli,шиша,NA,бутылка,NA,5,Salimov 2855,Ksenia Romanova,andi1255
Andi,Gagatli,анса,NA,клюка,NA,5,Salimov 2856,Ksenia Romanova,andi1255
Andi,Gagatli,ашт1ил,NA,струна для балалайки,NA,5,Salimov 2857,Ksenia Romanova,andi1255
Andi,Gagatli,гал,NA,чижик,NA,5,Salimov 2858,Ksenia Romanova,andi1255
Andi,Gagatli,гежи,NA,шелк,NA,5,Salimov 2859,Ksenia Romanova,andi1255
Andi,Gagatli,гидал,NA,кость для игры,NA,5,Salimov 2860,Ksenia Romanova,andi1255
Andi,Gagatli,гиргин,NA,катушка,NA,5,Salimov 2861,Ksenia Romanova,andi1255
Andi,Gagatli,гйабгйап,NA,бьющий альчик,NA,5,Salimov 2862,Ksenia Romanova,andi1255
Andi,Gagatli,гор,NA,круг,NA,5,Salimov 2863,Ksenia Romanova,andi1255
Andi,Gagatli,гор,NA,кольцо,NA,5,Salimov 2864,Ksenia Romanova,andi1255
Andi,Gagatli,гъвамарссу,NA,сундук,NA,5,Salimov 2865,Ksenia Romanova,andi1255
Andi,Gagatli,жала,NA,прут,NA,5,Salimov 2866,Ksenia Romanova,andi1255
Andi,Gagatli,зарзал,NA,звонок,NA,5,Salimov 2867,Ksenia Romanova,andi1255
Andi,Gagatli,искъгалла,NA,сукно,NA,5,Salimov 2868,Ksenia Romanova,andi1255
Andi,Gagatli,комхол,NA,бухарская овчина,NA,5,Salimov 2869,Ksenia Romanova,andi1255
Andi,Gagatli,кону,NA,улей,NA,5,Salimov 2870,Ksenia Romanova,andi1255
Andi,Gagatli,куша,NA,корыто для помоев собаке,NA,5,Salimov 2871,Ksenia Romanova,andi1255
Andi,Gagatli,къвач1а,NA,маленький кожаный мешок,NA,5,Salimov 2872,Ksenia Romanova,andi1255
Andi,Gagatli,къелъин,NA,подушка,NA,5,Salimov 2873,Ksenia Romanova,andi1255
Andi,Gagatli,къгаллир,NA,помои для собаки,NA,5,Salimov 2874,Ksenia Romanova,andi1255
Andi,Gagatli,кье,NA,зола,NA,5,Salimov 2875,Ksenia Romanova,andi1255
Andi,Gagatli,кьетон,NA,бурдюк,NA,5,Salimov 2876,Ksenia Romanova,andi1255
Andi,Gagatli,къухху,NA,отходы навоза,NA,5,Salimov 2877,Ksenia Romanova,andi1255
Andi,Gagatli,к1варч1и,NA,палка c круглым концом,NA,5,Salimov 2878,Ksenia Romanova,andi1255
Andi,Gagatli,к1ошк1он,NA,шарик,NA,5,Salimov 2879,Ksenia Romanova,andi1255
Andi,Gagatli,мат1у,NA,зеркало,NA,5,Salimov 2880,Ksenia Romanova,andi1255
Andi,Gagatli,мат1у,NA,зеркало,NA,5,Salimov 2881,Ksenia Romanova,andi1255
Andi,Gagatli,михи,NA,шерсть,NA,5,Salimov 2882,Ksenia Romanova,andi1255
Andi,Gagatli,пардав,NA,занавес,NA,5,Salimov 2883,Ksenia Romanova,andi1255
Andi,Gagatli,парссимихи,NA,вата,NA,5,Salimov 2884,Ksenia Romanova,andi1255
Andi,Gagatli,полотенце,NA,полотенце,NA,5,Salimov 2885,Ksenia Romanova,andi1255
Andi,Gagatli,раххасси,NA,цепь,NA,5,Salimov 2886,Ksenia Romanova,andi1255
Andi,Gagatli,рекьгир,NA,фураж,NA,5,Salimov 2887,Ksenia Romanova,andi1255
Andi,Gagatli,рек1улъон,NA,овечий помет,NA,5,Salimov 2888,Ksenia Romanova,andi1255
Andi,Gagatli,речол,NA,цепь,NA,5,Salimov 2889,Ksenia Romanova,andi1255
Andi,Gagatli,рошан,NA,веревка,NA,5,Salimov 2890,Ksenia Romanova,andi1255
Andi,Gagatli,сино,NA,клей,NA,5,Salimov 2891,Ksenia Romanova,andi1255
Andi,Gagatli,ссандиги,NA,сундук,NA,5,Salimov 2892,Ksenia Romanova,andi1255
Andi,Gagatli,тара,NA,мешок,NA,5,Salimov 2893,Ksenia Romanova,andi1255
Andi,Gagatli,торгъо,NA,мяч,NA,5,Salimov 2894,Ksenia Romanova,andi1255
Andi,Gagatli,умывальникш,NA,умывальник,NA,5,Salimov 2895,Ksenia Romanova,andi1255
Andi,Gagatli,т1аргьа,NA,очессанная шерсть для ворса бурки,NA,5,Salimov 2896,Ksenia Romanova,andi1255
Andi,Gagatli,хурши,NA,шерсть весенней стрижки,NA,5,Salimov 2897,Ksenia Romanova,andi1255
Andi,Gagatli,ххакара,NA,часть овичны для укрытия кувшина,NA,5,Salimov 2898,Ksenia Romanova,andi1255
Andi,Gagatli,ххинчу,NA,сукно,NA,5,Salimov 2899,Ksenia Romanova,andi1255
Andi,Gagatli,ххудан,NA,кожаный мешок,NA,5,Salimov 2900,Ksenia Romanova,andi1255
Andi,Gagatli,ххуча,NA,овчина,NA,5,Salimov 2901,Ksenia Romanova,andi1255
Andi,Gagatli,ххуча,NA,книга,NA,5,Salimov 2902,Ksenia Romanova,andi1255
Andi,Gagatli,ц1ул,NA,палка,NA,5,Salimov 2903,Ksenia Romanova,andi1255
Andi,Gagatli,чагьана,NA,гармонь,NA,5,Salimov 2904,Ksenia Romanova,andi1255
Andi,Gagatli,чашу,NA,фитиль,NA,5,Salimov 2905,Ksenia Romanova,andi1255
Andi,Gagatli,чашу,NA,галун,NA,5,Salimov 2906,Ksenia Romanova,andi1255
Andi,Gagatli,чиллай,NA,шелк,NA,5,Salimov 2907,Ksenia Romanova,andi1255
Andi,Gagatli,шириши,NA,клейстер,NA,5,Salimov 2908,Ksenia Romanova,andi1255
Andi,Gagatli,щакъги,NA,чернила,NA,5,Salimov 2909,Ksenia Romanova,andi1255
Andi,Gagatli,щакъгит1ил,NA,чернильница,NA,5,Salimov 2910,Ksenia Romanova,andi1255
Andi,Gagatli,гишгин,NA,каток,NA,5,Salimov 2911,Ksenia Romanova,andi1255
Andi,Gagatli,гишгин,NA,валик,NA,5,Salimov 2912,Ksenia Romanova,andi1255
Andi,Gagatli,гьалай,NA,олово,NA,5,Salimov 2913,Ksenia Romanova,andi1255
Andi,Gagatli,гьанц1а,NA,крючок,NA,5,Salimov 2914,Ksenia Romanova,andi1255
Andi,Gagatli,гьакъу,NA,комната,NA,5,Salimov 2915,Ksenia Romanova,andi1255
Andi,Gagatli,гьинк1уши,NA,кладовая,NA,5,Salimov 2916,Ksenia Romanova,andi1255
Andi,Gagatli,гьинц1ц1у,NA,дверь,NA,5,Salimov 2917,Ksenia Romanova,andi1255
Andi,Gagatli,ихоб,NA,мельница,NA,5,Salimov 2918,Ksenia Romanova,andi1255
Andi,Gagatli,ко,NA,ручка,NA,5,Salimov 2919,Ksenia Romanova,andi1255
Andi,Gagatli,ко,NA,рукоятка,NA,5,Salimov 2920,Ksenia Romanova,andi1255
Andi,Gagatli,корччин,NA,ручка,NA,5,Salimov 2921,Ksenia Romanova,andi1255
Andi,Gagatli,къгобкъгол,NA,ползунок мельничный,NA,5,Salimov 2922,Ksenia Romanova,andi1255
Andi,Gagatli,кверч1о,NA,жердь,NA,5,Salimov 2923,Ksenia Romanova,andi1255
Andi,Gagatli,к1оллариччиб,NA,балка,NA,5,Salimov 2924,Ksenia Romanova,andi1255
Andi,Gagatli,онщи,NA,земля,NA,5,Salimov 2925,Ksenia Romanova,andi1255
Andi,Gagatli,парххун,NA,задвижка,NA,5,Salimov 2926,Ksenia Romanova,andi1255
Andi,Gagatli,орссин,NA,стойло,NA,5,Salimov 2927,Ksenia Romanova,andi1255
Andi,Gagatli,рекъгерч1ч1ил,NA,сарай,NA,5,Salimov 2928,Ksenia Romanova,andi1255
Andi,Gagatli,рекъгерч1ч1ил,NA,сеновал,NA,5,Salimov 2929,Ksenia Romanova,andi1255
Andi,Gagatli,рек1ул,NA,ключ,NA,5,Salimov 2930,Ksenia Romanova,andi1255
Andi,Gagatli,рек1улол,NA,замок,NA,5,Salimov 2931,Ksenia Romanova,andi1255
Andi,Gagatli,речин,NA,приспособление для подачи зерна на жернов,NA,5,Salimov 2932,Ksenia Romanova,andi1255
Andi,Gagatli,ригъил,NA,нора,NA,5,Salimov 2933,Ksenia Romanova,andi1255
Andi,Gagatli,рикъи,NA,потолочная настилка,NA,5,Salimov 2934,Ksenia Romanova,andi1255
Andi,Gagatli,рич1ч1и,NA,купорос,NA,5,Salimov 2935,Ksenia Romanova,andi1255
Andi,Gagatli,рокьащил,NA,камешек в стене,NA,5,Salimov 2936,Ksenia Romanova,andi1255
Andi,Gagatli,тахта,NA,лист железа,NA,5,Salimov 2937,Ksenia Romanova,andi1255
Andi,Gagatli,хоч1ч1о,NA,ящик для обмолочиваемого,NA,5,Salimov 2938,Ksenia Romanova,andi1255
Andi,Gagatli,ххин,NA,доска,NA,5,Salimov 2939,Ksenia Romanova,andi1255
Andi,Gagatli,хъиру,NA,брусок,NA,5,Salimov 2940,Ksenia Romanova,andi1255
Andi,Gagatli,ц1араки,NA,лом,NA,5,Salimov 2941,Ksenia Romanova,andi1255
Andi,Gagatli,ц1араки,NA,двор,NA,5,Salimov 2942,Ksenia Romanova,andi1255
Andi,Gagatli,ц1араки,NA,хозяйство,NA,5,Salimov 2943,Ksenia Romanova,andi1255
Andi,Gagatli,ч1инч1ил,NA,булыжник,NA,5,Salimov 2944,Ksenia Romanova,andi1255
Andi,Gagatli,эхи,NA,сланец,NA,5,Salimov 2945,Ksenia Romanova,andi1255
Andi,Gagatli,гьокьу,NA,неделя,NA,5,Salimov 2946,Ksenia Romanova,andi1255
Andi,Gagatli,зубу,NA,день,NA,5,Salimov 2947,Ksenia Romanova,andi1255
Andi,Gagatli,кьину,NA,лето,NA,5,Salimov 2948,Ksenia Romanova,andi1255
Andi,Gagatli,кьину,NA,зима,NA,5,Salimov 2949,Ksenia Romanova,andi1255
Andi,Gagatli,релъо,NA,ночь,NA,5,Salimov 2950,Ksenia Romanova,andi1255
Andi,Gagatli,решин,NA,год,NA,5,Salimov 2951,Ksenia Romanova,andi1255
Andi,Gagatli,рибу,NA,весна,NA,5,Salimov 2952,Ksenia Romanova,andi1255
Andi,Gagatli,рокьгоц1оп,NA,сорок дней,NA,5,Salimov 2953,Ksenia Romanova,andi1255
Andi,Gagatli,ссибиру,NA,осень,NA,5,Salimov 2954,Ksenia Romanova,andi1255
Andi,Gagatli,анзи,NA,снег,NA,5,Salimov 2955,Ksenia Romanova,andi1255
Andi,Gagatli,гелгел,NA,сосулька,NA,5,Salimov 2956,Ksenia Romanova,andi1255
Andi,Gagatli,гьиро,NA,туман,NA,5,Salimov 2957,Ksenia Romanova,andi1255
Andi,Gagatli,йасеги,NA,река,NA,5,Salimov 2958,Ksenia Romanova,andi1255
Andi,Gagatli,к1орк1оншен,NA,град,NA,5,Salimov 2959,Ksenia Romanova,andi1255
Andi,Gagatli,лерчол,NA,туча,NA,5,Salimov 2960,Ksenia Romanova,andi1255
Andi,Gagatli,лълъен,NA,вода,NA,5,Salimov 2961,Ksenia Romanova,andi1255
Andi,Gagatli,лълъенссо,NA,река,NA,5,Salimov 2962,Ksenia Romanova,andi1255
Andi,Gagatli,п1ай,NA,вода по-детски,NA,5,Salimov 2963,Ksenia Romanova,andi1255
Andi,Gagatli,реч1ч1а,NA,пещера,NA,5,Salimov 2964,Ksenia Romanova,andi1255
Andi,Gagatli,тенгизи,NA,море,NA,5,Salimov 2965,Ksenia Romanova,andi1255
Andi,Gagatli,т1онк1ил,NA,капля,NA,5,Salimov 2966,Ksenia Romanova,andi1255
Andi,Gagatli,ц1оборц1а,NA,радуга,NA,5,Salimov 2967,Ksenia Romanova,andi1255
Andi,Gagatli,ц1ц1а,NA,дождь,NA,5,Salimov 2968,Ksenia Romanova,andi1255
Andi,Gagatli,арщун,NA,мера длины в 71 см,NA,5,Salimov 2969,Ksenia Romanova,andi1255
Andi,Gagatli,арщун,NA,аршин,NA,5,Salimov 2970,Ksenia Romanova,andi1255
Andi,Gagatli,дециметр,NA,дециметр,NA,5,Salimov 2971,Ksenia Romanova,andi1255
Andi,Gagatli,километр,NA,километр,NA,5,Salimov 2972,Ksenia Romanova,andi1255
Andi,Gagatli,метр,NA,метр,NA,5,Salimov 2973,Ksenia Romanova,andi1255
Andi,Gagatli,миллиметр,NA,миллиметр,NA,5,Salimov 2974,Ksenia Romanova,andi1255
Andi,Gagatli,релу,NA,"мера длиной 0,50 см",NA,5,Salimov 2975,Ksenia Romanova,andi1255
Andi,Gagatli,саржин,NA,сажень,NA,5,Salimov 2976,Ksenia Romanova,andi1255
Andi,Gagatli,сантиметр,NA,сантиметр,NA,5,Salimov 2977,Ksenia Romanova,andi1255
Andi,Gagatli,энжи,NA,метка,NA,5,Salimov 2978,Ksenia Romanova,andi1255
Andi,Gagatli,дангъва,NA,блеск,NA,5,Salimov 2979,Ksenia Romanova,andi1255
Andi,Gagatli,дангъва,NA,клеймо,NA,5,Salimov 2980,Ksenia Romanova,andi1255
Andi,Gagatli,дангъва,NA,пятно,NA,5,Salimov 2981,Ksenia Romanova,andi1255
Andi,Gagatli,ишара,NA,знак,NA,5,Salimov 2982,Ksenia Romanova,andi1255
Andi,Gagatli,рикъин,NA,шрам,NA,5,Salimov 2983,Ksenia Romanova,andi1255
Andi,Gagatli,рикъин,NA,черта,NA,5,Salimov 2984,Ksenia Romanova,andi1255
Andi,Gagatli,т1анк1ил,NA,точка,NA,5,Salimov 2985,Ksenia Romanova,andi1255
Andi,Gagatli,т1анк1ил,NA,пятно,NA,5,Salimov 2986,Ksenia Romanova,andi1255
Andi,Gagatli,хъваштіил,NA,черта,NA,5,Salimov 2987,Ksenia Romanova,andi1255
Andi,Gagatli,айати,NA,аят,NA,5,Salimov 2988,Ksenia Romanova,andi1255
Andi,Gagatli,акъглу,NA,ум,NA,5,Salimov 2989,Ksenia Romanova,andi1255
Andi,Gagatli,анкета,NA,анкета,NA,5,Salimov 2990,Ksenia Romanova,andi1255
Andi,Gagatli,аттестат,NA,аттестат,NA,5,Salimov 2991,Ksenia Romanova,andi1255
Andi,Gagatli,арданги,NA,стая,NA,5,Salimov 2992,Ksenia Romanova,andi1255
Andi,Gagatli,балагъи,NA,беда,NA,5,Salimov 2993,Ksenia Romanova,andi1255
Andi,Gagatli,билети,NA,билет,NA,5,Salimov 2994,Ksenia Romanova,andi1255
Andi,Gagatli,бйуллетень,NA,бюллетень,NA,5,Salimov 2995,Ksenia Romanova,andi1255
Andi,Gagatli,бугътан,NA,клевета,NA,5,Salimov 2996,Ksenia Romanova,andi1255
Andi,Gagatli,буц1ц1ир,NA,скот,NA,5,Salimov 2997,Ksenia Romanova,andi1255
Andi,Gagatli,буц1ц1ир,NA,имущество,NA,5,Salimov 2998,Ksenia Romanova,andi1255
Andi,Gagatli,горо,NA,крупинка,NA,5,Salimov 2999,Ksenia Romanova,andi1255
Andi,Gagatli,гури,NA,кручение,NA,5,Salimov 3000,Ksenia Romanova,andi1255
Andi,Gagatli,гъицди,NA,охота,NA,5,Salimov 3001,Ksenia Romanova,andi1255
Andi,Gagatli,гьолбасси,NA,подпись,NA,5,Salimov 3002,Ksenia Romanova,andi1255
Andi,Gagatli,гьац1акъул,NA,белизна,NA,5,Salimov 3003,Ksenia Romanova,andi1255
Andi,Gagatli,гьон,NA,селение,NA,5,Salimov 3004,Ksenia Romanova,andi1255
Andi,Gagatli,джазму,NA,религиозное песнопение,NA,5,Salimov 3005,Ksenia Romanova,andi1255
Andi,Gagatli,джаназа,NA,труп,NA,5,Salimov 3006,Ksenia Romanova,andi1255
Andi,Gagatli,зайзвлени,NA,заявление,NA,5,Salimov 3007,Ksenia Romanova,andi1255
Andi,Gagatli,зарал,NA,вред,NA,5,Salimov 3008,Ksenia Romanova,andi1255
Andi,Gagatli,зарал,NA,убыток,NA,5,Salimov 3009,Ksenia Romanova,andi1255
Andi,Gagatli,зарра,NA,пыпинка,NA,5,Salimov 3010,Ksenia Romanova,andi1255
Andi,Gagatli,зарра,NA,крупица,NA,5,Salimov 3011,Ksenia Romanova,andi1255
Andi,Gagatli,зийан,NA,убыток,NA,5,Salimov 3012,Ksenia Romanova,andi1255
Andi,Gagatli,игьа,NA,войско,NA,5,Salimov 3013,Ksenia Romanova,andi1255
Andi,Gagatli,инзил,NA,хула,NA,5,Salimov 3014,Ksenia Romanova,andi1255
Andi,Gagatli,кагьар,NA,бумага,NA,5,Salimov 3015,Ksenia Romanova,andi1255
Andi,Gagatli,кагьар,NA,письмо,NA,5,Salimov 3016,Ksenia Romanova,andi1255
Andi,Gagatli,казийати,NA,газета,NA,5,Salimov 3017,Ksenia Romanova,andi1255
Andi,Gagatli,квитанци,NA,квитанция,NA,5,Salimov 3018,Ksenia Romanova,andi1255
Andi,Gagatli,кеч1и,NA,песня,NA,5,Salimov 3019,Ksenia Romanova,andi1255
Andi,Gagatli,ккубар,NA,молитва,NA,5,Salimov 3020,Ksenia Romanova,andi1255
Andi,Gagatli,къокьа,NA,толпа группа,NA,5,Salimov 3021,Ksenia Romanova,andi1255
Andi,Gagatli,кьибдил,NA,танец,NA,5,Salimov 3022,Ksenia Romanova,andi1255
Andi,Gagatli,к1ол,NA,пост,NA,5,Salimov 3023,Ksenia Romanova,andi1255
Andi,Gagatli,к1ол,NA,ураза,NA,5,Salimov 3024,Ksenia Romanova,andi1255
Andi,Gagatli,к1олелтар,NA,разговение,NA,5,Salimov 3025,Ksenia Romanova,andi1255
Andi,Gagatli,лъай,NA,знание,NA,5,Salimov 3026,Ksenia Romanova,andi1255
Andi,Gagatli,лъоч1ч1у,NA,голос,NA,5,Salimov 3027,Ksenia Romanova,andi1255
Andi,Gagatli,макъган,NA,мотив,NA,5,Salimov 3028,Ksenia Romanova,andi1255
Andi,Gagatli,мишу,NA,сбор,NA,5,Salimov 3029,Ksenia Romanova,andi1255
Andi,Gagatli,мишу,NA,сбор,NA,5,Salimov 3030,Ksenia Romanova,andi1255
Andi,Gagatli,мохъго,NA,траур,NA,5,Salimov 3031,Ksenia Romanova,andi1255
Andi,Gagatli,мохъго,NA,соболезнование,NA,5,Salimov 3032,Ksenia Romanova,andi1255
Andi,Gagatli,мокьи,NA,сон,NA,5,Salimov 3033,Ksenia Romanova,andi1255
Andi,Gagatli,мугьру,NA,печать,NA,5,Salimov 3034,Ksenia Romanova,andi1255
Andi,Gagatli,назму,NA,духовная песня,NA,5,Salimov 3035,Ksenia Romanova,andi1255
Andi,Gagatli,налъи,NA,долг,NA,5,Salimov 3036,Ksenia Romanova,andi1255
Andi,Gagatli,некъги,NA,народ,NA,5,Salimov 3037,Ksenia Romanova,andi1255
Andi,Gagatli,некъги,NA,племя,NA,5,Salimov 3038,Ksenia Romanova,andi1255
Andi,Gagatli,ноко,NA,клятва,NA,5,Salimov 3039,Ksenia Romanova,andi1255
Andi,Gagatli,объявлени,NA,объявление,NA,5,Salimov 3040,Ksenia Romanova,andi1255
Andi,Gagatli,оксси,NA,оплата,NA,5,Salimov 3041,Ksenia Romanova,andi1255
Andi,Gagatli,оксси,NA,взнос,NA,5,Salimov 3042,Ksenia Romanova,andi1255
Andi,Gagatli,ордер,NA,ордер,NA,5,Salimov 3043,Ksenia Romanova,andi1255
Andi,Gagatli,отпуск,NA,отпуск,NA,5,Salimov 3044,Ksenia Romanova,andi1255
Andi,Gagatli,отчество,NA,отчество,NA,5,Salimov 3045,Ksenia Romanova,andi1255
Andi,Gagatli,памилийа,NA,фамилия,NA,5,Salimov 3046,Ksenia Romanova,andi1255
Andi,Gagatli,пешеги,NA,печать,NA,5,Salimov 3047,Ksenia Romanova,andi1255
Andi,Gagatli,повестка,NA,повестка,NA,5,Salimov 3048,Ksenia Romanova,andi1255
Andi,Gagatli,пропуск,NA,пропуск,NA,5,Salimov 3049,Ksenia Romanova,andi1255
Andi,Gagatli,путевка,NA,путевка,NA,5,Salimov 3050,Ksenia Romanova,andi1255
Andi,Gagatli,равор,NA,счет,NA,5,Salimov 3051,Ksenia Romanova,andi1255
Andi,Gagatli,расон,NA,мерка,NA,5,Salimov 3052,Ksenia Romanova,andi1255
Andi,Gagatli,расон,NA,патрон,NA,5,Salimov 3053,Ksenia Romanova,andi1255
Andi,Gagatli,регел,NA,долг,NA,5,Salimov 3054,Ksenia Romanova,andi1255
Andi,Gagatli,реда,NA,табун,NA,5,Salimov 3055,Ksenia Romanova,andi1255
Andi,Gagatli,резолйдуцийа,NA,резолюция,NA,5,Salimov 3056,Ksenia Romanova,andi1255
Andi,Gagatli,рекомендацийа,NA,рекомендация,NA,5,Salimov 3057,Ksenia Romanova,andi1255
Andi,Gagatli,рекъир,NA,сев,NA,5,Salimov 3058,Ksenia Romanova,andi1255
Andi,Gagatli,релаччидйа,NA,соболезнование,NA,5,Salimov 3059,Ksenia Romanova,andi1255
Andi,Gagatli,рели,NA,вязанка,NA,5,Salimov 3060,Ksenia Romanova,andi1255
Andi,Gagatli,рергьан,NA,радость,NA,5,Salimov 3061,Ksenia Romanova,andi1255
Andi,Gagatli,рет1он,NA,разговор,NA,5,Salimov 3062,Ksenia Romanova,andi1255
Andi,Gagatli,реч1едиркъул,NA,чернота,NA,5,Salimov 3063,Ksenia Romanova,andi1255
Andi,Gagatli,ригьур,NA,рождение,NA,5,Salimov 3064,Ksenia Romanova,andi1255
Andi,Gagatli,ризкъи,NA,предопределение,NA,5,Salimov 3065,Ksenia Romanova,andi1255
Andi,Gagatli,риччир,NA,польза,NA,5,Salimov 3066,Ksenia Romanova,andi1255
Andi,Gagatli,рич1ор,NA,смерть,NA,5,Salimov 3067,Ksenia Romanova,andi1255
Andi,Gagatli,рич1ч1и,NA,беда,NA,5,Salimov 3068,Ksenia Romanova,andi1255
Andi,Gagatli,ришар,NA,победа,NA,5,Salimov 3069,Ksenia Romanova,andi1255
Andi,Gagatli,рокьи,NA,труп покойника,NA,5,Salimov 3070,Ksenia Romanova,andi1255
Andi,Gagatli,рохорлъир,NA,старость,NA,5,Salimov 3071,Ksenia Romanova,andi1255
Andi,Gagatli,рук1ул,NA,крошка,NA,5,Salimov 3072,Ksenia Romanova,andi1255
Andi,Gagatli,руххуннар,NA,покос,NA,5,Salimov 3073,Ksenia Romanova,andi1255
Andi,Gagatli,ручка,NA,ручка,NA,5,Salimov 3074,Ksenia Romanova,andi1255
Andi,Gagatli,руч1ч1ир,NA,возмещение,NA,5,Salimov 3075,Ksenia Romanova,andi1255
Andi,Gagatli,свидетельство,NA,свидетельство,NA,5,Salimov 3076,Ksenia Romanova,andi1255
Andi,Gagatli,справка,NA,справка,NA,5,Salimov 3077,Ksenia Romanova,andi1255
Andi,Gagatli,сули,NA,стыд,NA,5,Salimov 3078,Ksenia Romanova,andi1255
Andi,Gagatli,талон,NA,талон,NA,5,Salimov 3079,Ksenia Romanova,andi1255
Andi,Gagatli,тариххи,NA,цифра,NA,5,Salimov 3080,Ksenia Romanova,andi1255
Andi,Gagatli,тетради,NA,тетрадь,NA,5,Salimov 3081,Ksenia Romanova,andi1255
Andi,Gagatli,т1ел,NA,вереница,NA,5,Salimov 3082,Ksenia Romanova,andi1255
Andi,Gagatli,т1у,NA,зло,NA,5,Salimov 3083,Ksenia Romanova,andi1255
Andi,Gagatli,хат1и,NA,почерк,NA,5,Salimov 3084,Ksenia Romanova,andi1255
Andi,Gagatli,хентол,NA,редкость,NA,5,Salimov 3085,Ksenia Romanova,andi1255
Andi,Gagatli,ц1ц1ер,NA,имя,NA,5,Salimov 3086,Ksenia Romanova,andi1255
Andi,Gagatli,чеки,NA,чек,NA,5,Salimov 3087,Ksenia Romanova,andi1255
Andi,Gagatli,штампил,NA,штемпель,NA,5,Salimov 3088,Ksenia Romanova,andi1255
Andi,Gagatli,шур,NA,благодать,NA,5,Salimov 3089,Ksenia Romanova,andi1255
